Profesi,Code
A,
Abstractor,CSI
Academic Advisor,SEC
Account Executive,AES
Accountant,CSI
"Accountant, Cost",CIE
"Accountant, Property",CER
"Accountant, Systems",CSE
"Accountant, Tax",ECS
Accountant Clerk,CSR
Acquisitions Librarian,SAI
Acrobat,AER
Actor,AES
Actuary,ISE
Acupressurist,ISR
Acupunturist,IRE
Adapted Physical Education Specialist,SRE
Adhesive Bonding Machine Operator,RCS
Administrative Assistant,ESC
"Administrator, Health Care Facility",SER
Advertising Sales Agent,ERS
"Agent, Artists",ESA
"Agent, Athletes",ESR
Agricultural Inspector,RIC
Agronomist,IRS
Air Analyst,IRS
Air Traffic Control Specialist,SCE
"Aircraft Mechanic, Electrical and Radio",RIE
Airfield Operations Specialist,RES
Airframe and Power Plant Mechanic,RIE
Airline Radio Operator,CRE
Airplane Inspector,RES
Airport Maintenance Chief,ERS
Airport Manager,ESR
Airport Utility Worker,RCI
Allergist/Immunologist,ISE
Amusement Park Worker,SRE
"Analyst, Management",ICR
Anesthesiologist,IRS
Anesthesiologist Assistant,RSI
Animal Breeder,RES
Animal Nursery Worker,RCI
Animal Scientist,IRS
Animal Trainer,RES
"Announcer, Amusement and Recreation",ESR
"Announcer, Radio and TV Broadcastig",SCE
Anthropologist,IRE
Appeals Referee,SCE
Appliance Repairer,RIE
Appliance Service Supervisor,ERS
Appraiser,CIR
"Appraiser, Governmental Services",IES
"Appraiser, Real Estate",ECR
Arbitrator,SEA
Archeologist,IRE
Architect,AIR
"Architect, Marine",IRE
Archivist,AES
Art Appraiser,IAS
Art Director,AES
Art Therapist,SAI
Artificial Breeding Technician,RCS
"Artist and Repertoire Manager, Music",AES
"Artist, Body Makeup",AER
"Artist, Exhibit",ASI
"Artist, Fashion",AER
"Artist, Police",ASC
"Artist, Quick Sketch",ASE
"Artist, Stained Glass",ASE
"Artist, Tattoo",AEC
"Assembler and Tester, Electronics",RIC
"Assembler, Aircraft",RCI
"Assembler, Atomic Fuel",RCS
"Assembler, Electric Signs",CRS
"Assembler, Electrical Accessories",RCS
"Assembler, Electronics",CRE
"Assembler, Engine",RCI
"Assembler, Equipment",RCI
"Assembler, Leather Goods",CRE
"Assembler, Musical Instruments",CRS
"Assembler, Small Products",CRS
"Assembler, Switchboard Contact",CRE
Assembly Line Inspector,CRS
"Assembly Supervisor, Agricultural Equipment",ESR
"Assembly Supervisor, Woodworking",ERS
"Assignment Clerk, Motor Transportation",CSR
Association Executive,ESA
Astronomer,IRE
"Athlete, Professional",SRC
Athletic Director,SER
Athletic Trainer,SRE
"Attorney, Insurance",SEI
"Attorney, Tax",ESI
Auctioneer,EAS
Audio and Video Equipment Technician,RIA
Audio Operator,RES
Audiologist,ISR
Audiometrist,SRC
Audiovisual Production Specialist,AES
Audiovisual Technician,RCI
Auditor,ECI
"Auditor, Internal",ICR
Auto Design Detailer,IRE
Automobile Body Repair Supervisor,SER
Automobile Body Repairer,RIE
Automobile Detailer,RCE
Automobile Mechanic,RCI
Automobile Racer,RES
Automobile Rental Clerk,ESC
Automobile Service Station Attendant,RES
Automobile Service Station Mechanic,RIC
"Automobile Tester, Governmental Services",RCE
Automobile Engineering Technician,RIC
B,
Baggage and Mail Agent,ERS
Baggage Handler,REC
Bailiff,ESR
Baker,RSE
"Ballistics Expert, Forensic",IRE
Bank Examiner,EIC
Bank Teller,CSE
Bank Teller Supervisor,SEC
Barber,ESR
Barista,ECS
Bartender,SEC
Bibliographer,CSR
Bicycle Repairer,RSC
Billing Clerk,CRS
"Bindery Worker, Printing and Publishing",REC
Biochemist,IRS
Biofuel Processing Technician,RCI
Bioinformatics Scientist,ICR
Bioinformatics Technician,ICS
Biological Aide,RSI
Biological Scientist,IRC
Biologist,IAR
Biomass Plant Technician,RCI
Biomedical Equipment Technician,RIE
Biophysicist,IRE
Biostatistician,IRC
Blaster,RIE
Blind Aide,SCE
Boat Outfitter,REI
Boat Repairer,RES
Bodyguard,ESC
Boilermaker,RCE
Bookbinder,RES
Border Guard,SRE
Botanist,IRS
Bricklayer,REI
Bricklayer Supervisor,ERS
Bridge Inspector,RSI
Broadcast Checker,CER
Broadcast News Analyst,AES
Broadcast Technician,RCS
Brokerage Clerk,CSR
Budget Analyst,CER
Budget Clerk,CSR
Budget Officer,ESI
Building Cleaner,RCS
Building Inspector,CIE
Building Insulation Supervisor,ECS
Building Superintendent,RES
Bulldozer Operator,REC
Bureau Chief,AES
Business Consultant,IER
Business Continuity Planner,EIC
Business Enterprise Officer,EIR
Business Intelligence Analyst,IEC
"Business Manager, College or University",ESR
"Business Representative, Labor Union",ESA
Butcher,RSE
Buyer,ESC
"Buyer, Farm Products",EIS
C,
Cabinet Assembler,CSR
Cabinetmaker,RIS
Cable Splicer,RCS
Cake Decorator,ARE
Calibration Laboratory Technician,RCI
"Camera Operator, Television, Video, and Film",RIC
Camera Repairer,RCE
Camp Director,ERS
Cardiologist,ISE
Cardiopulmonary Technologist,ISR
Casdiovascular Technologist and Technician,SIR
Career Counselor,SAR
Cargo and Freight Agent,CSE
Carpenter,RCE
Carpet Layer,REI
Cartoonist,AES
Casework Supervisor,SEC
"Caseworker, Family",SEA
Cashier,CES
Cashier Supervisor,ESR
Casino Booth Cashier,CES
"Cellar Supervisor, Winemaking",REA
Central Supply Worker,CER
Cephalometric Analyst,IRC
Chauffeur,REC
Chef,RSC
Chemical Equipment Operator,RIS
Chemical Laboratory Chief,IER
Chemical Laboratory Technician,IRS
Chemical Mixer,RES
Chemical Plant and System Operator,RIC
Chemical Supervisor,ERS
Chemical Technician,IRS
Chemist,IRE
Chief Executive Officer,SEI
Chief Financial Officer,EIC
Chief Information Officer,IER
Chief Operating Officer,ESI
Chief Sustainability Officer,ERS
Child Development Specialist,SEC
Chiropractor,ISR
Chiropractor Assistant,SRE
Choral Director,AES
Choreographer,AES
Circulation Clerk,ECR
Circulation Manager,ESC
City Manager,SEC
Claims Adjuster,ESR
Claims Agent,SEC
Claims Examiner,ESC
Clergy,SAE
Climate Change Analyst,IRC
Clinical Data Manager,CIS
Clinical Nurse Specialist,SIE
Clinical Research Coordinator,ERI
"Coach, Professional Athletes",SRE
"Coach, Youth and Amateur Sports",ESR
Collection Clerk,CSR
Comedian,AES
Commercial Designer,AER
Communication Equipment Supervisor,ACR
Communications Consultant,EIA
Communications Equipment Operator,CRE
Community and Social Service Specialist,SEC
Community Health Worker,SCI
Community Program Aide,SEC
Community Worker,SER
Compliance Manager,ESI
Composer,ASE
Computer Aided Design Tecchnician,RCI
Computer Network Architect,IEC
Computer Network Support Specialist,ISC
Computer Operations Supervisor,ESI
Computer Operator,CSR
Computer Peripheral Equipment Operator,CSR
Computer Programmer,IRC
Computer Security Coordinator,CIS
Computer Security Specialist,CIS
Computer Systems Engineer/Architect,IRE
Computer Systems Hardware Analyst,IRE
Concierge,ESC
"Conductor, Orchestra",AES
"Conductor, Road Freight",ECS
"Conductor, Train",RSC
Congressional District Aide,CES
Conservations Scientist,IRE
Construction Carpenter,RCE
"Construction Checker, Utilities",RCI
Construction Inspector,REC
Construction Superintendent,ERS
Construction Worker,RCS
Continuity Writer,AES
Contractor,EIR
Controller/Comptroller,EIS
Cook Apprentice,RAS
"Cook, Chief",REA
"Cook, Fast Food",RCS
"Cook, Hotel and Restaurant",RSE
"Cook, Institution and Cafetaria",RCS
Coordinator of Rehabilitation Services,SEI
Copywriter,ASI
Coroner,ISE
Correction Officer,SER
Corrective Therapist,SIR
Correspondence Clerk,CES
Cosmetics Supervisor,SRE
Cosmetologist,SEA
Cost Clerk,CRS
Costumer,ARI
Counselor,SAE
"Counselor, Camp",SEC
Counter Attendant,CER
"Counter Clerk, Photofinishing",CRE
Country Agricultural Agent,SSEC
Court Administrator,ESR
Court Clerk,CSE
Court Officer/Deputy,ESR
Court Reporter,CSE
Crabber,REC
Crane and Tower Operator,CRE
Creative Director,AES
Credit Analyst,CRS
Credit Authorizer,CES
Credit Card Clerk,CER
Credit Counselor,SEC
Crew Scheduler,CRS
Crime Laboratory Analyst,IRC
Cryptanalyst,IEC
"Curator, Museum",IRS
Custom Van Converter,RCI
Customer Service Representative,CSR
Customs Broker,CSR
Customs Import Specialist,ISE
Customs Inspector,CEI
Cytogenetic Technologist,IRC
Cytotechnologist,ICR
D,
Dairy Farm Supervisor,ERC
Dairy Scientist,IRE
Dairy Technologist,IRS
Dance Instructor,ASE
Dance Therapist,ASI
Dancer,AER
Data Communications/Telecommunications Analyst,RSI
Data Entry Clerk,CSE
Data Entry Supervisor,CES
Data Warehousing Specialist,CIR
Database Administrator,IRE
Database Architect,ICE
Database Design Analyst,IRS
Day Care Worker,SAE
Dean of Students,SEA
Demonstrator,ESC
Dental Assistant,SAI
Dental Ceramist,REC
Dental Ceramist Assistant,REA
Dental Hygienist,SAI
Dental Laboratory Supervisor,SER
Dentist,ISR
"Dentist, Public Health",IRE
"Department Head, College or University",ESI
Deputy Insurance Commisioner,ESR
Deputy United States Marshal,SEC
Dermatologist,ISR
Desktop Publisher,CRS
Detective,SER
"Detective, Chief",ESC
"Detective, Narcotics and Vice",SRE
"Die Maker, Jewelry",RIE
Diesel Mechanic,REI
Dietary Manager,ESC
Dietetic Technician,SEI
"Dietitian, Clinical",SIE
"Dietitian, Research",ISR
"Dietitian, Teaching",SIE
Dining Room Attendant,RCS
Direct Mail Clerk,CRE
Director of Admissions,ESA
"Director of Guidance, Public Schools",SEI
Director of Institutional Research,ESC
Director of Philanthropy/Fundraising,SEC
Director of Photography,AES
Director of Student Affairs,ESC
Director of Vital Statistics,EAI
"Director, Community Health Nursing",SEC
"Director, Community Organization",SEA
"Director, Consumer Affairs",SER
"Director, Correctional Agency",SEI
"Director, Council On Aging",EAS
"Director, Craft Center",ESR
"Director, Day Care Center",ESC
"Director, Film",SEC
"Director, Food Service",EIS
"Director, Industrial Relations",ESI
"Director, Information Resources",IER
"Director, Library",SEC
"Director, Music",AES
"Director, News",ESA
"Director, Outpatient Services",ESC
"Director, Quality Assurance",ESI
"Director, Radio",ESC
"Director, Regulatory Agency",ESC
"Director, Religious Education",SEA
"Director, Research and Development",ERI
"Direcctor, Special Education",SEA
"Director, Sportcast",ESR
"Director, Stage",AES
"Director, Television",SEA
"Director, Volunteer Services",SEC
"Director, Zoo",ESR
Directory Assistance Operator,CER
Dishwaser,RCS
"Dispatcher, Chief",ESC
"Dispatcher, Emergency",SIC
"Dispatcher, Amintenance Service",CES
"Dispatcher, Relay",ECR
"Dispatcher, Traffic or System",SEC
"Dispatcher, Utilities Service",ECS
Display Maker,RSI
Display Manager,AES
"Displayer, Merchandise",ARE
Distance Learning Coordinator,ESC
Distribution Manager,ECI
Distribution Supervisor,ECS
District Supervisor,SIE
Diver,RES
Dock Supervisor,RES
Dockworker,RIS
Document Management Specialist,ECI
"Drafter, aeronautical",IRC
"Drafter, Architectural",RCI
"Drafter, Chief",ICR
"Drafter, Detail",RIE
"Drafter, Electrical",IRE
"Drafter, Mechanical",IRE
"Drafter, Structural",IRC
Drafting and Printed Circuit Design Supervisor,EIC
Drama Coach,ASE
Dressmaker,RSE
Drilling and Production Superintendent,ERI
"Driver, Ambulance",RSI
"Driver, Bus",RES
"Driver, Sales Route",ESR
"Driver, Truck",RCS
Driving Instructor,SER
Drywall Installer,RCS
E,
e-Commerce Project Developer,IRC
e-Commerce Specialist,EAC
Economist,IAS
"Editor, Book",AES
"Editor, Journal or Magazine",AES
"Editor, Managing",ESA
"Editor, News",AES
"Editor, Newspaper",AES
"Editor, Story",ASE
"Editor, Technical and Scientific Publications",ASE
"Editor, Web site",CIA
Editorial Assistant,CIA
Editorial Writer,AES
Education Director,ESR
"Education, Training, and Library Worker",ISE
Educational Program Director,ESC
"Educational Programming Director, Radio and TV",ESC
Educational Specialist,EIS
Electric Motor Repairer,RIE
Electric Power Superintendent,ECI
Electrical Appliance Repairer,RSE
Electrical Engineering Technologist,RIC
Electrical Technician,RIE
Electrician,RIE
Electrician Assistant,RCE
Electrician Supervisor,RES
"Electrician, Film",ESR
Electrocardiograph Technician,RCI
Electroencephalographic Technologist,RCS
Electrologist,CRE
Electromechanical Engineering Technologist,RIC
Electro-Mechanical Technician,RIE
Electronic Home Entertainment Equipment Installer and Repairer,REI
Electronics Engineering Technologist,RIC
Electronics Processing Supervisor,ESR
Electronics Technician,IRE
Elevator Techician,RIS
Embalmer,RCI
Emergency Medical Technician (EMT),RSI
Employee Relations Specialist,SER
Employer Relations Representative,ESC
Employment Clerk,CES
Employment Interviewer,SCE
Employment Manager,ESC
Endodontist,ISE
Endoscopy Technician,RIC
Energy Broker,ECS
Energy Conservation Representative,RES
Energy Control Officer,ESR
Engine Tester,RIS
"Engineer, Aerospace",IRE
"Engineer, Agricultural",IRE
"Engineer, Airport",ISR
"Engineer, Automotive",RIE
"Engineer, Biochemical",IRE
"Engineer, Biomedical",IRE
"Engineer, Ceramic Design",IRE
"Engineer, Chemical",IRE
"Engineer, Chemical Equipment Sales",ERI
"Engineer, Chief",IER
"Engineer, Civil",IRE
"Engineer, Computer Systems Hardware",RIE
"Engineer, Electrical",IRE
"Engineer, Electronics",RIS
"Engineer, Environmental",IRE
"Engineer, Fire Prevention/Protection",CES
"Engineer, Flight",RES
"Engineer, Health and Safety",ISR
"Engineer, Highway Administrative",IEC
"Engineer, Human Factors/Ergonomist",IRS
"Engineer, Industrial",EIR
"Engineer, Industrial Health and Safety",ISR
"Engineer, Irrigation",IRE
"Engineer, Locomotive",RES
"Engineer, Manufacturing",REI
"Engineer, Marine",IRE
"Engineer, Materials",REI
"Engineer, Mechanical",RIS
"Engineer, Mechatronics",ICR
"Engineer, Microsystems",IRC
"Engineer, Nanosystems",IRC
"Engineer, Nuclear",IRE
"Engineer, Operating",RIS
"Engineer, Optical",RIC
"Engineer, Petroleum",RIE
"Engineer, Photogrammetric",IEC
"Engineer, Photographic",ISE
"Engineer, Plant",RIE
"Engineer, Pollution Control",IEC
"Engineer, Procurement",ECI
"Engineer, Product Safety",ISE
"Engineer, Production",EIC
"Engineer, Robotics",IRC
"Engineer, Sales",ERI
"Engineer, Sanitary",IER
"Engineer, Software",IRE
"Engineer, Stationary",REI
"Engineer, Transportation",ISR
"Engineer, Utilities",RCI
"Engineer, Validation",IRC
"Engineer, Water/Wastewater",IRE
"Engineer, Wind Energy",IRE
"Engineering Assistant, Mechanical Equipment",IRC
"Engineering Manager, Electronics",IES
"Engineering Technician, Civil",RIC
"Engraver, Glass Products",REA
Engraver Machine,RCE
Engrosser,RAC
Entomologist,IRS
Enterpreneur,ESC
Environmental Control Installer,RCI
Environmental Economist,IRE
Environmental Health Scientist,ISR
Environmental Restoration Planner,REA
Epidemiologist,IRE
Equal Opportunity Representative,ESA
Equestrian,AER
Estate Planner,ESI
Estimator,RCE
Ethnologist,IRE
"Evaluator, Education",SIR
Event Planner,ESC
Excavating and Loading Machine Operator,RES
Excavator,RSC
Executive Chef,SER
Executive Housekeeper,ECR
Exercise Physiologist,ISR
Exhibit Builder,ASR
Exhibit Designer,ASE
Expediter,SCE
Exterminator,RES
Eyeglass Lens Cutter,RCE
F,
Fabric Designer,AER
Fabric Inspector,CRE
Fabric Tester,IRS
"Faculty Member, College or University",SEI
"Faculty, Agricultural Sciences",IRS
"Faculty, Anthropology and Archeology",ISA
"Faculty, Architecture",ISR
"Faculty, Biological Science",IRS
"Faculty, Business",ESR
"Faculty, Chemistry",IRS
"Faculty, Communications",SIA
"Faculty, Computer Sciece",IRS
"Faculty, Criminal Justice and Law Enforcement",SIC
"Faculty, Earth and Space Science",IRS
"Faculty, Economics",IES
"Faculty, Education",SIE
"Faculty, Engineering",ISR
"Faculty, English Language and Literature",ASI
"Faculty, Environmental Science",SIE
"Faculty, Ethnic and Cultural Studies",SEI
"Faculty, Family and Consumer Sciences",SEA
"Faculty, Fine Arts",ASI
"Faculty, Foreign Language and Literature",ASE
"Faculty, Forestry and Conservation Science",IRS
"Faculty, Geography",ISR
"Faculty, Health Specialties",IES
"Faculty, History",SEI
"Faculty, Law",ESI
"Faculty, Library Science",SIE
"Faculty, Mathematics",IES
"Faculty, Philosophy and Religion",IES
"Faculty, Physics",IES
"Faculty, Political Science",SEI
"Faculty, Psychology",ISE
"Faculty, Social Work",SEI
"Faculty, Sociology",SIE
Farm Machine Operator,RIE
"Farmer, General",RIS
Farmer/Rancher,RSI
Farmworker,RSE
Fashion Coordinator,EAS
Fashion Designer,ASR
Fashion Model,EAS
Fast Food Worker,SCR
Ferryboat Captain,ESI
Field Contractor,SEA
"Field Supervisor, Agricultural Workers",EAS
File Clerk,CSR
Film and Video Editor,ASE
Film Laboratory Technician,RCE
Film Projectionist,RIE
Financial Aid Officer,SEC
Financial Manager,ESI
Financial Planner,ESC
Fingerprint Clerk,CEI
Fire Department Battalion Chief,EIS
Fire Fighter,RSI
Fire Inspector,CES
Fire Investigator,IRC
Fire Marshal,ERS
"Fire Marshal, Governmental Services",ESR
Fire Protection Engineering Technician,CRI
Fire Warden,ESR
Fireworks Display Specialist,REI
Fish and Game Warden,RES
Fish Farmer,REI
Fitness and Wellness Coordinator,EIS
Fitness Trainer and Aerobics Instructor,SRE
Flight Attendant,ESA
Floral Designer,ARE
Flying Instructor,SRE
Food and Drug Inspector,SAE
Food Batchmaker,RCS
Food Cooking Machine Operator,RCS
Food Service/Nutrition Aide,SCR
Food Technologist,ISR
Food Tester,ISR
Foreign Exchange Trader,EIC
Foreign Service Officer,ESA
Forensic Science Technician,IRC
Forest and Conservation Worker,RCE
Forest Echologist,IRS
Forest Nursery Supervisor,ERS
Forester,RIS
Foundry Supervisor,RES
Fraud Examiner/Investigator,ICE
Freight and Cargo Inspector,RSE
Freight Forwarder,CSI
Fuel Cell Technician,RIC
Fumigator,REI
Funds Development Director,ECS
Funeral Attendant,SER
Funeral Director,ESR
Furnace and Klin Operator,RCS
Furnace Operator,RSE
Furniture Assembler,CRS
Furniture Assembly Supervisor,ECR
G,
Gamekeeper,RSE
Gaming and Sports Book Writer,SCE
Gaming Dealer,SCE
Gaming Supervisor,ECS
Garage Supervisor,ERS
Garment Fitter,RCE
Gasoline Engine Repairer,REI
"General Manager, Farm",ESR
Generating Plant Superintendent,REI
Genetic Counselor,SIA
Geneticist,IRS
Geographer,IRE
Geographic Information Systems Technician,ICR
Geological and Petroleum Technician,RIC
Geological Sample Test Technician,IRC
Geologist,IRE
"Geologist, Petroleum",RIE
Geophysicist,IRS
Geospatial Information Scientist and Technologist,IRC
Geothermal Technician,RIC
Glass Blower,RCS
"Glass Blower, Laboratory Apparatus",RCA
"Glass Installer, Automobile Services",RCE
"Glazier, Construction",RSE
"Grain Elevator, Superintendent",ESC
Graphic Designer,AER
"Guide, Hunting and Fishing",RES
"Guide, Sightseeing",ESC
"Guide, Travel",ESC
Gunsmith,RIE
H,
Hair Stylist,SER
Harbor Master,ESR
Hazardous Material Remover,RCI
Hazardous Waste Management Specialist,IRE
Health Educator,SEI
Health Equipment Servicer,RCI
"Health Officer, Field",ESI
Hearing Aid Specialist,SIC
Hearing Officer,SEI
Heating and Air Conditioning Mechanic and Installer,RES
Historian,SEI
Historic Site Administrator,ESC
Histotechnologist and Histologic Technician,IRE
Home Appliance Repairer,RSE
Home Eergy Consultant Supervisor,ESC
Home Health Aide,SER
Homemaker,SEC
Horticulturist,RAE
Hospital Admitting Clerk,ECS
Hospitalist,ISA
"Host/Hostess, Restaurant",ESC
Hotel/Motel Desk Clerk,ECS
Human Resources Specialist,ESR
Humorist,ASE
Hydroelectric Plant Technician,RIC
Hydroelectric Station Operator,RCS
Hydrologist,IRE
I,
Illustrator,AER
"Illustrator, Medical and Scientific",AIE
Immunohematologist,ICS
Import-Export Agent,SEC
Incinerator Plant Supervisor,ECR
Industrial Designer,AES
Industrial Ecologist,IRC
Industrial Engineering Technician,IRE
Industrial Engineering Technologist,EIC
Industrial Hygienist,IRE
Industrial Safety and Health Technician,ERC
Industrial Therapist,IER
Informatics Nurse Specialist,SIC
"Information Clerk, Motor Transportation",CES
Information Technology Project Manager,EIC
Insect and Disease Inspection Supervisor,EAI
"Inspector, Assembly",RCI
"Inspector, Chief",RCE
"Inspector, Electrical",RCE
"Inspector, Fireams",RCI
"Indpector, Heating and Refrigeration",SIA
"Inspector, Missile",RIE
"Inspector, Screen Printing",CRA
"Inspector, Tester, Sorter, Sampler, ad Weigher",RIE
Instructional Coordinator,SAE
Instructional Designer and Technologist,IAS
Instrument Repair Supervisor,ERC
Instrumentation Technician,RIC
Insulation Worker,RCI
Insurance Claims Clerk,SCR
Insurance Clerk,CSE
Insurance Processing Clerk,CSR
Intelligence Analyst,ICE
Intelligence Research Specialist,AEI
Intelligence Specialist,ERS
Interior Designer,AES
Internet Consultant,IER
Internet/Intranet Administrator,IRS
"Interpreter, Sign Language",SCE
Interpreter/Translator,ESA
Inventory Clerk,RCI
"Investigator, Dealer Accounts",CER
"Investigator, Government Service",SIE
"Investigator, Internal Affairs",SEI
Investment Analyst,CIE
Investment Underwriter,CEI
Iron and Steel Worker,RIS
J,
Janitor,RES
Jeweler,REC
Jewelry Designer,REC
Job Analyst,ICS
Job Development Specialist,SRC
Job Tracer,ECR
Jockey,RES
Judge,ESA
Judicial Law Clerk,CIR
K,
Kennel Supervisor,RCE
Kitchen Supervisor,ERS
"Knitter, Hand",CRE
L,
Labor Relations Specialist,ESC
Laboratory Clerk,RCE
Laboratory Supervisor,EIS
"Laboratory Supervisor, Textiles",IER
Laboratory Technician,RIE
Laboratory Tester,RIC
Landscape Architect,AIR
Landscape Contractor,ESR
Landscape Gardener,RIS
Landscape Specialist,CRS
Landscaping and Groundskeeping Worker,RCE
Laser Technician,IRE
Laserist,ASI
Laundry and Dry Cleaning Worker,RES
Lawyer,ESI
Legislative Assistant,ESR
Legislator,ESC
Librarian,SAI
"Librarian, Head",SER
Library Assistant,CSE
"Library Assistant, Clerical",SCR
Library Consultant,ESI
Library Technical Assistant,ESI
License Clerk,CSE
"Life, Physical, and Social Science Technician",IRS
Lifeguard,RSC
"Line Service Attendant, Air Transportation",RIE
Linguist,ISC
Literary Agent,ESA
Livestock Rancher,RSI
Livestock Yard Supervisor,REA
"Loan Interviewer, Mortgage",ESC
Loan Officer,SEI
Lobbyist,ESA
Location Manager,EAR
Locker Room/Coatroom/Dressing Room Attendant,SRC
Locksmith,REC
Loggig Operations Inspector,RES
Logging Superintendent,ERI
Logistician,ECS
Logistics Analyst,ICE
Logistics Engineer,IEC
Logistics Manager,EIC
Loss Prevention Specialist,ICR
Luggage Maker,REC
Lyricist,ASE
M,
Machine Maintenance/Repair Worker,RCI
Machinist,RIE
Magician,AES
Magnetic Resonance Imaging Technologist,RSC
Maid/Housekeeper,RES
Mail Clerk,CRE
Mail Handler,RSC
Mail Machine Operator,RCE
Mailroom Supervisor,ESR
Maintenance Chief,ECR
Maintenance Inspector,RES
"Maintenance of Equipment Superintendent, Motor Transportation",ECS
Maintenance Scheduler,ECS
"Maintenance Supervisor, Utilities",EIR
Maintenance Worker,RCI
Manager of Correctional Officers,ERS
"Manager of Farming, Fishing, and Forestry Workers",ERS
"Manager of Helpers, Laborers, and Material Movers",ERS
Manager of Landscaping and Groundskeeping Workers,REC
"Manager of Mechacics, Installers, and Repairers",RIS
Manager of Office and Administrative Support Workers,SCE
Manager of Production and Operating Workers,SRC
"Manager, Advertising Agency",AES
"Manager, Advertising and Promotions",ESC
"Manager, Apartment",ERS
"Manager, Automobile Service Station",ERS
"Manager, Bakery",ESR
"Manager, Barber or Beauty Shop",ESC
"Manager, Biofules/Biodiesel Technology and Product Development",IEC
"Manager, Biomass Power Plant",EIS
"Manager, Branch Store",ECS
"Manager, Brokerage Office",ESR
"Manager, Bulk Plant",ERI
"Manager, Computer and Information Systems",IER
"Manager, Computer Operations",SEI
"Manager, Conddominium",ESC
"Manager, Convention",ESA
"Manager, Credit and Collection",ESC
"Manager, Customer Technical Services",ESR
"Manager, Dance Studio",ESA
"Manager, Dental Laboratory",EIS
"Manager, Department",ESA
"Manager, Department Store",SER
"Manager, e-Commerce Merchandising",ESA
"Manager, Education and Training",EIS
"Manager, Employee Welfare",SEA
"Manager, Fast Food Services",SER
"Manager, Financial Institution",ESR
"Manager, Flight Operations",ESI
"Manager, Food Service",ESR
"Manager, Golf Club",ECS
"Manager, Harbor Department",ERS
"Manager, Hotel/Motel",ESR
Manager. Housekeeping,ESR
"Manager, Hydroelectric Production",RIE
"Manager, Insurance office",ESC
"Manager, Investment Fund",EIS
"Manager, Labor Relations",ESR
"Manager, Laboratory",IRS
"Manager, Land Surveying",IER
"Manager, Laundromat",ERI
"Manager, Loss Prevention",ECI
"Manager, Marina Dry Dock",ERI
"Manager, Nursery and Greenhouse",ESA
"Manager, Orchard",REC
"Manager, Procurement Services",ECS
"Manager, Property/Community Association",EAS
"Manager, Quality Control",IER
"Manager, Records Analysis",EAI
"Manager, Regulatory Affairs",ECI
"Manager, Retail Store",ESC
"Manager, Safety",IES
"Manager, Social and Community Service",ESR
"Manager, Solar Energy Installation",REC
"Manager, spa",ECS
"Manager, Storage Garage",ESR
"Manager, Theater",ESR
"Manager, Training and Development",SEC
"Manager, Travel Agency",ESR
"Manager, Vehicle Leasing and Rental",ERS
"Manager, Warehouse",ESR
"Manager, Wind Energy Operations",IER
Manicurist/Pedicurist,RAS
Manufacturer's Representative,ESA
Manufacturer's Service Representative,RES
Manufacturing Engineering Technologist,RIC
Manufacturing Production Technician,RIC
Mapping Technician,ECR
Marina Sales and Service Supervisor,ERA
Marine Biologist,IRE
Marine Service Manager,REA
Marine Service Technician,RCE
Market Research Analyst,ISC
Marketing Executive,EIC
Marriage and Family Therapist,SAI
Mason,RES
Massage Therapist,SRC
Material Scheduler,IRC
Materials Scientist,RIE
Mathematical Technician,IRC
Mathematician,IER
Mechanical Door Repairer,RIC
Mechanical Engineering Technologist,RIC
Media and Communication Equipment Worker,RCI
Media Coordinator,CSE
Media Director,ESC
Media Marketing Director,ESR
Medical Assistant,SCR
Medical Equipment Repairer,RCI
Medical Laboratory  Assistant,IRE
Medical Records Administrator,SIE
Medical Records Clerk,CSI
Medical Records Technician,CIR
Medical Scientist,IER
Medical Secretary,CES
Medical Social Worker,ESA
Medical Technologist,ISA
"Medical Technologist, Chief",IER
Medical Transcriptionist,CSR
Memorial Designer,AER
Mental Health and Substance Abuse Social Worker,SEA
Mental Health Counselor,SAE
Metallographer,IRE
"Metallurgist, Physical",IRE
Meteorologist,IRS
Meter Inspector,RCE
Meter Reader,CSE
Methane/Landfill Gas Collection Systems Operator,RCE
Metrologist,IES
Microbiologist,ISC
Microelectronics Technician,RCI
Midwife,SIR
Mill Supervisor,ERC
Mime,AEI
Mine Inspector,ERC
Miner,RIE
Mineralogist,ISR
Miniature Set Constructor,ARE
Mining Machine Operator,RCI
Model Maker,ARI
"Model Maker, Pottery and Porcelain",RAE
"Model, Photographers",AES
Modeling Instructor,ASE
Molding and Casting Worker,ARI
Molecular and Cellular Biologist,IRC
Mortgage Clerk,CRS
Motorboat Mechanic and Service Technician,RES
Motorcycle Mechanic,RIE
Mover,RSE
"Mover, Residential",RSE
Multiple Machine Operator,RIS
Music Arranger,AEI
Music Copyist,CRS
Music Librarian,SRE
Music Supervisor,EAS
Music Therapist,SAE
"Musician, Instrumental",ASC
N,
Nanny,SRE
Nanotechnology Engineering Technician,RIC
Nonotechnology Engineering Technologist ,IRC
Narrator,AES
Natural Science Manager,IER
Navigator,ICR
Network Administrator/Network Control Supervisor,SEC
Network Designer,IES
Neorologist,IRS
Neoropsychologist,ISA
New Accounts Clerk,SCE
Newcaster,ESI
Night Auditor ,CRS
Non-Destructive Testing Specialist,IRC
Nuclear Equipment Operation Technician,RCS
Nuclear Medicine Technologist,RIS
Nuclear Power Plant Operations Supervisor,EIS
Nuclear Power Reactor Operator,RIE
Nuclear Technician,RCI
Nurse Anesthetist,ISE
Nurse Assistant,SER
Nurse Midwife,SIR
Nurse Practitioner,ISA
"Nurse, Acute Care",SIR
"Nurse, Critical Care",SIC
"Nurse, General Duty (RN)",SIA
"Nurse, Instructor",SIE
"Nurse, Licensed Practical",SAC
"Nurse, Office",SIR
"Nurse, Private Duty",ISR
"Nurse, Psychiatric",SEI
"Nurse, School",SIE
"Nurse, Supervisor",SEI
O,
Obstetrician,IRS
Occupational Health and Safety Technician,CES
Occupational Safety and Health Inspector,ECS
Occupational Therapist,SRE
Occupational Therapy Aide,SCR
Occupational Therapy Assistant,SCE
Office Assistant,ECR
Office Clerk,CRS
Office Manager,ESR
Oil-Well Services Superintendent,ERS
Online Merchant,ECA
"Operations Manager, Motor Transportation",ESI
Operations Research Analyst ,IRE
Opthalmic Medical Technician,CIS
Opthalmic Medical Technologist,CIS
Opthalmic Technician,CIS
Opthalmologist,ISR
Optical Effects Camera Operator,ASR
Optical Effects Layout Person,ASC
Optical Technician,REI
"Optician, Dispensing",SEI
Optometric Assistant,SCI
Optometrist,ISE
Oral and Maxilofacial Surgeon,IRA
"Order Filer, Wholesale and Rental Sales",RCE
Orderly,SRE
Ornamental Metalwork Designer,ARS
Orthodontic Technician,RCE
Orthodontist,ISR
Orthoptist,ISR
Orthotics Technician,RSC
Orthotist,RSE
P,
Package Designer,AEI
Packer and Package,RCS
Painter,ASI
"Painter, Animater Cartoons",CER
"Painter, Construction",RSE
"Painter, Electrostatic",RIC
"Painter, Hand",ARE
Painting Instructor,AES
Paleontologist ,ISR
"Paperhanger, Construction",RSE
Paralegal,SEC
Parasitologist,IRS
Park Narutalist,SEI
Park Superintendent,ERA
Parking Lot attendant,CRE
Parking Lot Supervisor,SER
Parts Clerk,RCS
Parts Salesperson,ESR
"Passenger Service Representative, Air Transportation",SEC
"Passenger Service Representative, Railroad Transportation",ECS
Passport Application Examiner,CES
Pastry Chef,RAS
Patent Agent,EAI
Pathologist,IRE
Patient Representative,SEC
Paving Equipment Operator,RCE
Pawnbroker,ECS
Payroll Clerk,CRE
Pediatrician,ISE
Perfumer,ISE
Periodontist,IRE
Personal Shopper,ESR
Personnel Clerk,CSE
Personnel Manager,SEC
Personnerl Recruiter,SCE
Pesticide Applicator,RIE
Pesticide Control Inspector,CIR
Petroleum Inspector,CSE
Pewterer,ASR
Pharmaceutical Sales Representative,EIS
Pharmacist,IES
Pharmacologist,IRE
Pharmacy Aide,REC
Pharmacy Technician,REC
Philologist,AIS
Philebotomist ,SRI
Photo Technician,RCI
Photogrammetrist,IRC
Photograph Retoucher,RCA
"Photographer, Still",ARS
Photographic Process Worker,REI
Photojournalist,AEC
Physitrist,IRE
Physical Eeductaion Instructor,SER
Physical Therapist,SIE
Physical Therapist Assistant,SCR
Physical Therapy Aide,ESC
Physician Assistant,ISA
"Physician, General Practioner",ISE
"Physician, Internist",ISA
"Physician, Naturopathic",SIR
"Physician, Nuclear Medicine",SIE
"Physician, Occupational ",ISC
"Physician, Osteopathic Medicine",ISR
"Physician, Preventive Medicine",ISA
"Physician, Sports Medicine",ISR
Physicist,IRE
Physiologist,IRE
Piano Technician,RAE
Piano Tuner,RCS
Picture Framer,RCE
"Pilot, Airplane",IRE
"Pilot, Commercial Airplane",RIE
"Pilot, Executive",RIE
"Pilot, Helicopter",RIS
"Pilot, Highway Patrol",ERS
Pipe Fitter,RCE
Pipelayer,RCE
Pipelines Supervisor,REC
Placement Director,ESA
Planetarium Technician,RCI
Plant Pathologist,IRS
Plant Supervisor,SRE
Plasterer and Stucco Mason,RES
Plating and Coating Machine Operator,RIE
Playwright,ASE
Plumber,REI
Podiatrist,SIR
Poet,AES
"Police Captain, Precinct",ERS
Police Officer,SER
"Police Officer, Crime Prevention",SCR
"Police Officer, Safety Instruction",SCE
"Police Officer, State Highway",RSE
Political Scientist,SEI
Politician,ESA
Pllution Control Technician,RSI
Polygrapgh Examiner,CIS
Post Office Clerk,CSE
Postal Service Mail Carrier,CRS
Pstmaster,ESR
Precision Agriculture Technician,RIC
Preparation Plant Supervisor,EAR
Prepress Technician,ARE
"President, Educational Institution",ESR
"President, Financial Institution",SEI
Press Operator,RSC
Preventive Maintenance Coordinator,CRE
Print Binding and Finishing Worker,RCA
Printed Circuit Desiger,IRC
Printing Machine Operator,RCI
Printmaker,AES
Private  Investigator,ESI
Probation/Parole Officer,SIE
"Process Artist, Printing and Publishing ",REA
Process Server,ESC
Procurement Clerk,CES
"Producer, Film",ESA
"Producer, Radio and TV",SEA
Production Clerk,CSR
Production Coordinator,ESR
Production Laborer,RCS
Production Manager,ERC
"Production Manager, Advertising",ASE
Production Planner,REI
"Production Superintendent, Agriculture",EIR
"Program Administrator, Alcohol and Drug Abuse Assistance",ESR
"Program Coordinator, Amusement and Recreation",AES
Program Manager,EIR
Program Services Planner,EIS
"Project Manager, Environmental Research",EIS
"Projectionist, Chief",SCR
Proofreader,CSI
Property Clerk,CRS
Prospector,RIS
Prosthetics Technician,RIE
Prosthetist,RSE
Prosthodontist,ISR
Psychiatric Aide,SEC
Psychiatric Aide Instructor,SCE
"Psychiatric Aide, Mentally Challenged",SRI
Psychiatric Technician,SIE
Psychiatrist,ISA
"Psychologist, Chief",ISE
"Psychologist, Clinical",SIA
"Psychologist, Counseling",SIA
"Psychologist, Educational",IES
"Psychologist, Experimental",IES
"Psychologist, Industrial-Organizational",IES
"Psychologist, School",SEI
Psychometrist,IES
Public Health Service Officer,IES
Public Relations Representative,ASE
Public Relations Specialist,AES
Pulmonary Function Technician,IRC
Puppeteer,AEI
Purchasing Agent,ESR
Purification Operator,RSE
Q,
Quality Assurance Analyst/Tester,RIC
Quality Control Analyst,IRC
"Quality Control Clerk, Drug Preparation and Relate prodducts",CSR
Quality Control Coordinator,CES
"Quality Control Technician, Food Preparation",REI
"Quality Control Technician, Manufactured Products",RCI
R,
Radiation Monitor,RCS
Radiation Protection Specialist,IRS
Radiation Therapy Technologist,RIS
Radio Frequency Identification Device Specialist,RIC
Radio Operator,RCE
"Radio Cellular, and Tower Equipment Installer and Repairer",RIE
Radiologic Technician,SRI
Radiologic Technologist,SRI
"Radiologic Technologist, Chief",ISE
Radiological Equipment Specialist,RES
Radiologist,IRS
Radiopharmacist,IRC
Railway Equipment Operator,ERA
Range Manager,IRS
"Rate Analyst, Freight",CSE
Real Estate Broker,ECS
Receipt and Report Clerk,CRI
Receptionist,CSE
Recreation Aide,SCR
Recreation Leader,SEI
Recreation Supervisor,ESA
Recreational Therapist,SEC
Recruiter,SRE
Recycling and Reclamation Worker,RCS
Recycling Coordinator,ERC
"Referral Clerk, Temporary Employment Agency",CES
"Refinery Operator, Grain",RES
Refrigeration Mechanic,RES
Refuse and Recyclable Material Collector,RCS
"Registrar, College or University",ESC
"Registrar, Museum",CER
Regulatory Affairs Specialists,CEI
Reinforcing Iron and Rebar Worker,RCI
Remote Sensing Scientist/Technologist,IRC
Remote Sensing Technician ,IRC
"Repairer, Art Objects",RCE
"Repairer, Electronics and Computers ",RIS
"Repairer, Welding Equipment",REI
Reporter/News Correspondent,ASI
Research Contracts Supervisor,SEI
Research Director,SEA
Reservation Clerk,CES
"Reservations Agent, Air Transportation",CES
Residental Advisor,SEC
Respiratory Therapist,SIR
Respiratory Therapy Aide,SRC
Respiratory Therapy Technician,SRI
"Restorer, Ceramic",ASI
"Restorer, Paintings",ASR
"Restorer, Paper and Prints",AIS
Revenue Agent,ERI
Rigger,RSC
Risk Management Specialist,EIC
Road Supervisor,ERI
Robot Technician,IRS
Roofer ,REC
"Roustabout, Oil and Gas",RCI
Route Supervisor,SER
S,
Safety Clothing and Equipment Designer,AER
Safety Inspector,RCS
"Safety Inspector, Truck",REC
"Safety Manager, Medical Services",SEC
"Sales Agent, Financial Services",ESC
"Sales Agent, Insurance",ESC
"Sales Agent, Real Estate",ESC
"Sales Agent, Securities and Commodities",EAS
Sales Clerk,ESR
Sales Correspondent,ERS
"Sales Representative , Advertising",ESR
"Sales Representative, Farm and Garden Equipment and Supplies",ESR
"Sales Representative, Footwear",ESA
"Sales Representative, Graphic Art",AES
"Sales Representative, Hobbies and Crafts",ESR
"Sales Representative, Household Appliances",ESA
"Sales Representative, Office Machines",ESR
"Sales Representative, Security Systems",ERI
"Sales Representative, Technical and Scientific Products",ESR
"Salesperson, Apparel and Accessories",EAS
"Salesperson, Automobiles",ESR
"Salesperson, Books",ESC
"Salesperson, Cosmetics and Toiletries",ESA
"Salesperson, Flowers",AER
"Salesperson, General Merchandise",ESA
"Salesperson, Musical Instruments and Accessories",ESA
"Salesperson, Pianos and Organs",ESR
"Salesperson, Sporting Goods",ESA
"Sampler, Minerals and Eraths",ECR
Sanitarian,ISR
Sanitation Inspector,ERS
Sanitation Superintendent,ESI
Sanitation Supervisor,ERI
Satellite Communications Technician,RCI
Sawing Machine Operator,RIC
Scenic Arts Supervisor,AES
Schedule Maker,ERI
School Crossing Guard,ESC
School Principal,SEI
School/Guidance Counselor,SCE
Screen Writer,AEI
Scuba Diver,REI
Sculptor,AER
Search Marketing Strategist,EIS
Secretary,CSE
Securities Clerk,CSE
"Securities Trader, Financial",ECS
Security and Fire Alarm Systems Installer,RCS
Security Consultant ,ESC
Security Guard,SEC
Security Manager,EIC
Seismologist,IRE
Semiconductor Technician,ERC
"Service Manager, Automobile Services",ESR
"Service Unit Operator, Oil, Gas, and Mining",RCI
"Set Decorator, Theater and Film",AES
"Set Designer, Theater and Film",AIE
Sewer System Supervisor,EIR
Sewing Machine Operator,CSR
Sheet Metal Worker,REI
Sheriff/Deputy Sheriff,REC
Ship Captain,ERI
Ship Mate,ERS
Ship Pilot,REI
Shipfitter,RIE
Shipping and Receiving Clerk,REI
"Shipping anf Receiving, Order Clerk",CES
Shoe Repairer,RSE
Shopping Investigator,ESC
Show Operations Supervisor,ASE
Sign Shop Supervisor,AES
Silversmith,RSC
Siger,AES
Singing Messenger,ASC
Skin Care Specialist,RSA
Small Engine Mechanic,REC
Social Director,ESC
Social Science Research Assistant,CIS
Social Services Aide,SCE
Social Welfare Administrator,ESA
Social Worker ,SEC
Sociologist,IES
Software Developer,IRC
Software Quality Assurance Engineer and Tester,ICR
Soil Conservation Technician,IRC
Soil Conservationist,IRE
Solar Energy Systems Designer,RIC
Solar Fabrication Technician,RCI
Solar Photovoltaic Installer,RCI
Solar Sales Representative and Assessor,ESC
Solar Thermal Installer/Technician,RCI
Solderer and Brazer,CRS
Sound Effects Technician,RAE
Sound Mixer ,RCS
Sound Technician,RIE
"Special Agent, Customs",SRI
"Special Agent, Governmental Services",ERI
Special Education Supervisor,SEC
Speech-Language Pathologist,SAI
Speech-Language Pathology Assistant,SRC
Stage Manager,ESC
Stage Technician,ARS
Statement Clerk,CSE
"Station Manager, Radio and TV",ESR
"Station Manager, Railroad",ESC
Statistical Assistant,ICS
Statistician,IRE
Stock Clerk,RCE
Stock Control Clerk,CRI
Stock Transfer Clerk,CER
Stockbroker,EAS
Stone Carver,ARE
Stonemason,RCE
Stress Analyst,IRC
Structural Metal Fabricator and Fitter,RIS
Substance Abuse Counselor,SEA
"Substation Operator, Utilities",RIS
Superintendent of Schools,SEI
Surgeon,IRA
Surgical Assistant,IRS
Surveillance System Monitor,CSR
Survey Researcher,ICE
Survey Worker Supervisor,SEC
"Surveyor, Geodetic",IRE
"Surveyor, Hydrographic",IER
"Surveyor, Land",IER
"Surveyor, Ship",REC
Sustainability Specialist,ICE
Switchboard Operator/Answering Service Operator,CSE
systems Analyst,IER
T,
Tailor,RIE
Talent Manager,ESC
Taper/Finisher,RCS
Tax Preparer,CES
Taxicab Coordinator,SCE
Teacher Aide,SCE
"Teacher, Adult Education",SER
"Teacher, Art",ASE
"Teacher, Drama",ASE
"Teacher, Elementary School",SAE
"Teacher, Elementary School, Special Education",SEC
"Teacher, Industrial Arts",REI
"Teacher, Kindergarten",SEC
"Teacher, Middle School, Special Education",SEC
"Teacher, Music",AES
"Teacher, Preschool",SAE
"Teacher, Preschool, Special Education",SEC
"Teacher, Secondary School",SAE
"Teacher, Secondaru School, Special Education",SEC
Techical Support Specialist,SER
Technical Writer,IRS
"Technician, Dialysis",ISC
"Technician, Surgical",ISR
Telecommunications Engineering Specialist,REI
Telecommunications Equipment Installer and Repairer,REI
Telecommunications Line Installer and Repairer,REI
Telecommunications Specialist,ECS
Telecommunications Technician,RIS
Telecommunicator Supervisor,ECS
Telemarketer,ESC
Television Production Clerk,CRS
Television Technician,RIA
Terrazo Worker and Finisher,REC
Test Technician,IRE
Ticket Sales Agent,CSE
Ticket Sales Supervisor,ESR
Tire Repairer and Changer,RCE
Tissue Technologist,IRE
Title Examiner,CSE
Tool and Die Maker,RCI
Tools Designer,RIS
"Tools Programmer, Numerical Control",IRE
Town Clerk,ECI
Toxicologist,IRC
"Toxicologist, Chief",IRE
Tractor Operator,RCE
Traffic Checker,ERC
Traffer Clerk,CRS
Traffic Maintenance Supervisor,ERI
Traffic Manager,ESR
Traffic Technician,REI
Train Dispatcher,ECS
Training and Development Specialist,SIE
Transportation Director,ESR
Transportation Inspector,CRS
Transportation Manager,ERA
Transportation Planner,ICR
Transportation Security Officer,REC
Travel Agent,ECS
Tree Surgeon,REI
Tree Trimmer/Pruner,RCE
Tutor,SEC
Typist/Transcriptionist,CRS
U,
Ultrasound Technologist,RSI
Umpire/Referee,ESR
Underwriter,CSE
Upholsterer,RCS
"Upholsterer, Chair and Furiture",RSC
Urban Planner,ESI
Urologist,ISR
"Usher, Lobby Attendant, and Ticket Taker",SCR
Utilities Service Investigator,EIR
Utility Clerk,CER
V,
Vendor Quality Supervisor,EIA
Veteranian,IRS
Veterinary Assistant,RSI
Veterinary Livestock Inspector,IRE
Veterinary Technologist and Technician,IRS
Video Game Designer,AIE
Video Game Programmer,IRE
Vision Rehabilitation Therapist,SER
Vocational Rehabilitation Consultant,ESR
Vocational Rehabilitation Counselor,SEC
Voice Pathologist,IER
Volunteer Services Supervisor,ESR
W,
Waiter/Waitress,ESC
"Waiter/Waitress, Head",ESR
Warehouse Supervisor,ESR
Watch Repairer,REI
Water Quality Tester,REI
Water Resources Specialist,IRC
Water Treatment Plant Operator,RCE
Water Treatment Plant Supervisor,EIR
Water/Sewer Systems Superintendent,IER
Weather Observer ,RIE
Weatherization Installer/Technician,RIC
"Weaver, Carpet and Rug",RCE
Web Administrator,IER
Web Developer/Designer,ACI
Wedding Consultant,SEC
Welder,RIS
Welding Machine Operator,RIE
Welfare Director,SEC
Wholesaler,ESA
Wildlife Control Agent,RSE
Wind Energy Project Manager,IRC
Wind Turbine Service Technician,RIC
Wine Maker,EIR
Woodworking Machine Operator,RIC
"Winter, Fiction and Nonfiction",AIE
Y,
"Yard Manager, Railroad Transportation",ESC
Z,
Zoo Veterinarian,ISE
Zoologist,IRE
