Occupations,Code,Pekerjaan,
Abstractor,CSI,Abstraktor,
Academic Advisor,SEC,Penasehat akademik,
Account Executive,AES,Eksekutif akun,
Accountant,CSI,Akuntan,
"Accountant, Cost",CIE,Akuntan biaya,
"Accountant, Property",CER,Akuntan properti,
"Accountant, Systems",CSE,Akuntan,
"Accountant, Tax",ECS,Akuntan,
Accounting Clerk,CSR,Petugas Akuntansi,
Acquisitions Librarian,SAI,pustakawan akuisisi,
Acrobat,AER,akrobat,
Actor,AES,aktor,
Actuary,ISE,aktuaris,
Acupressurist,ISR,Akupresur,
Acupunturist,IRE,Ahli Akupunktur,
Adapted Physical Education Specialist,SRE,Spesialis Pendidikan Jasmani Yang Diadaptasi,
Adhesive Bonding Machine Operator,RCS,Operator Mesin Perekat,
Administrative Assistant,ESC,Asisten administratif,
"Administrator, Health Care Facility",SER,Administrator,
Advertising Sales Agent,ERS,Agen Penjualan Periklanan,
"Agent, Artists",ESA,Agen,
"Agent, Athletes",ESR,Agen,
Agricultural Inspector,RIC,Inspektur/Pengawas Pertanian,
Agronomist,IRS,Ahli agronomi,
Air Analyst,IRS,Analis Udara,
Air Traffic Control Specialist,SCE,Spesialis Kontrol Lalu Lintas Udara,
"Aircraft Mechanic, Electrical and Radio",RIE,Mekanik Pesawat,
Airfield Operations Specialist,RES,Spesialis Operasi Lapangan Terbang,
Airplane and Power Plant Mechanic,RIE,Mekanik pembangkit listrik dan pesawat terbang,
Airline Radio Operator,CRE,Operator Radio Penerbangan,
Airplane Inspector,RES,Inspektur Pesawat,
Airport Maintenance Chief,ERS,Kepala Pemeliharaan Bandara,
Airport Manager,ESR,Manajer Bandara,
Airport Utility Worker,RCI,Pekerja Utilitas Bandara,
Alergist/Imunologist,ISE,Ahli Alergi / Imunologi,
Amusement Park Worker,SRE,Pekerja Taman Hiburan,
"Analyst, Management",ICR,Analis,
Anesthesiologist,IRS,Ahli anestesi,
Anesthesiologist Assistant,RSI,Asisten Ahli anestesi,
Animal Breeder,RES,Peternak Hewan,
Animal Nursery Worker,RCI,Pekerja Pembibitan Hewan,
Animal Scientist,IRS,Ilmuwan Hewan,
Animal Trainer,RES,Pelatih Hewan,
"Announcer, Amusement",ESR,Penyiar,
"Announcer, Radio and TV Broadcasting",SCE,Penyiar,
Anthropologist,IRE,Antropolog,
Appeals Referee,SCE,Wasit Banding,
Appliance Repairer,RIE,Tukang Reparasi Perkakas,
Appliance Service Supervisor,ERS,Pengawas Layanan Perkakas,
Appraiser,CIR,juru taksir,
"Appraiser, Governmental Sevices",IES,Penilai,
"Appraiser, Real Estate",ECR,Penilai,
Arbitrator,SEA,Wasit,
Archeologist,IRE,arkeolog,
Architect,AIR,Arsitek,
"Architect, Marine",IRE,Arsitek,
Archivist,AES,petugas arsip,
Art Appraiser,IAS,Penilai Seni,
Art Director,AES,sutradara seni,
Art Therapist,SAI,Terapis Seni,
Artificial Breeding Technician,RCS,Teknisi pembiakan buatan,
"Artist and Repertoire Manager, Music",AES,Artis dan Manajer Repertoar,
"Artist, Body Makeup",AER,Seniman,
"Artist, Exhibit",ASI,Seniman,
"Artist, Fashion",AER,Seniman,
"Artist, Police",ASC,Seniman,
"Artist, Quick Sketch",ASE,Seniman,
"Artist, Stained Glass",ASE,"Seniman, kaca berwarna",
"Artist, Tattoo",AEC,"Seniman, tato",
"Assembler and Tester, Electronics",RIC,Perakit dan Penguji elektronik,
"Assembler, Aircraft",RCI,"Perakit, pesawat terbang",
"Assembler, Atomic Fuel",RCS,Perakit Bahan Bakar Atom,
"Assembler, Electric Signs",CRS,Perakit Tanda listrik,
"Assembler, Electrical Accessories",RCS,Perakit Aksesori Listrik,
"Assembler, Electronics",CRE,Perakit elektronik,
"Assembler, Engine",RCI,Perakit,
"Assembler, Equipment",RCI,Perakit Peralatan,
"Assembler, Leather Goods",CRE,Perakit,
"Assembler, Musical Instruments",CRS,Perakit,
"Assembler, Small Products",CRS,"Perakit, produk kecil",
"Assembler, Switchboard Contact",CRE,Perakit kontak weselbor,
Assembly Line Inspector,CRS,Inspektur/Peninjau Jalur Perakitan,
"Assembly Supervisor, Agricultural Equipment",ESR,Pengawas Majelis,
"Assembly Supervisor, Woodworking",ERS,Pengawas Majelis,
"Assignment Clerk, Motor Transportation",CSR,Petugas juru tulis,
Association Executive,ESA,Asosiasi eksekutif,
Astronomer,IRE,Ahli astronomi,
"Athlete, Professional",SRC,Atlet Profesional,
Athletic Director,SER,Direktur Atletik,
Athletic Trainer,SRE,Pelatih Atletik,
"Attorney, Insurance",SEI,Pengacara,
"Attorney, Tax",ESI,Pengacara,
Auctioneer,EAS,Juru lelang,
Audio and Video Equipment Technician,RIA,Teknisi Peralatan Audio dan Video,
Audio Operator,RES,Operator Audio,
Audiologist,ISR,Audiolog,
Audiometrist,SRC,Audiometri,
Audiovisual Production Specialist,AES,Spesialis Produksi Audiovisual,
Audiovisual Technician,RCI,Teknisi Audio Visual,
Auditor,ECI,Auditor,
"Auditor, Internal",ICR,auditor internal,
Auto Design Detailer,IRE,Detailer Desain Otomatis,
Automobile Body Repair Supervisor,SER,Pengawas Perbaikan Mobil,
Automobile Body Repairer,RIE,Bengkel Mobil,
Automobile Detailer,RCE,Detailer Mobil,
Automobile Mechanic,RCI,Mekanik Otomotif,
Automobile Racer,RES,Pembalap mobil,
Automobile Rental Clerk,ESC,Petugas Penyewaan Mobil,
Automobile Service Station Attendant,RES,Petugas Bengkel Servis Mobil,
Automobile Service Station Mechanic,RIC,Petugas Bengkel Servis Mobil,
"Automobile Tester, Governmental Services",RCE,"Penguji Otomotif, Layanan Pemerintah",
Automobile Engineering Technician,RIC,Teknisi Rekayasa Mobil,
Baggage and Mail Agent,ERS,Agen Bagasi dan Surat,
Baggage Handler,REC,Penangan Bagasi,
Bailiff,ESR,Juru sita,
Baker,RSE,Tukang roti,
"Ballistics Expert, Forensic",IRE,Pakar Balistik,
Bank Examiner,EIC,Pemeriksa Bank,
Bank Teller,CSE,Teller Bank,
Bank Teller Supervisor,SEC,Pengawas Bank Teller,
Barber,ESR,Tukang cukur,
Barista,ECS,Barista,
Bartender,SEC,Pelayan Bar,
Bibliographer,CSR,ahli bibliografi,
Bicycle Repairer,RSC,Tukang reparasi Sepeda,
Billing Clerk,CRS,Petugas Penagihan,
"Bindery Worker, Printing and Publishing",REC,Bindery Worker,
Biochemist,IRS,Biochemist,
Biofuel Processing Technician,RCI,Biofuel Processing Technician,
Bioinformatics Scientist,ICR,Bioinformatics Scientist,
Bioinformatics Technician,ICS,Bioinformatics Technician,
Biological Aide,RSI,Biological Aide,
Biological Scientist,IRC,Biological Scientist,
Biologist,IAR,Biologist,
Biomass Plant Technician,RCI,Biomass Plant Technician,
Biomedical Equipment Technician,RIE,Biomedical Equipment Technician,
Biophysicist,IRE,Biophysicist,
Biostatistician,IRC,Biostatistician,
Blaster,RIE,Blaster,
Blind Aide,SCE,Blind Aide,
Boat Outfitter,REI,Boat Outfitter,
Boat Repairer,RES,Boat Repairer,
Bodyguard,ESC,Bodyguard,
Boilermaker,RCE,Boilermaker,
Bookbinder,RES,Bookbinder,
Border Guard,SRE,Border Guard,
Botanist,IRS,Botanist,
Bricklayer,REI,Bricklayer,
Bricklayer Supervisor,ERS,Bricklayer Supervisor,
Bridge Inspector,RSI,Bridge Inspector,
Broadcast Checker,CER,Broadcast Checker,
Broadcast News Analyst,AES,Broadcast News Analyst,
Broadcast Technician,RCS,Teknisi Penyiaran,
Brokerage Clerk,CSR,Brokerage Clerk,
Budget Analyst,CER,Budget Analyst,
Budget Clerk,CSR,Budget Clerk,
Budget Officer,ESI,Budget Officer,
Building Cleaner,RCS,Building Cleaner,
Building Inspector,CIE,Building Inspector,
Building Insulation Supervisor,ECS,Building Insulation Supervisor,
Building Superintendent,RES,Building Superintendent,
Bulldozer Operator,REC,Bulldozer Operator,
Bureau Chief,AES,Bureau Chief,
Business Consultant,IER,Business Consultant,
Business Continuity Planner,EIC,Business Continuity Planner,
Business Enterprise Officer,EIR,Business Enterprise Officer,
Business Intelligence Analyst,IEC,Business Intelligence Analyst,
"Business Manager, College or University",ESR,Business Manager,
"Business Representative, Labor Union",ESA,Business Representative,
Butcher,RSE,Butcher,
Buyer,ESC,Buyer,
"Buyer, Farm Products",EIS,Buyer,
Cabinet Assembler,CSR,Cabinet Assembler,
Cabinetmaker,RIS,Cabinetmaker,
Cable Splicer,RCS,Cable Splicer,
Cake Decorator,ARE,Cake Decorator,
Calibration Laboratory Technician,RCI,Calibration Laboratory Technician,
"Camera Operator, Television, Video, and Film",RIC,Camera Operator," and Film"""
Camera Repairer,RCE,Camera Repairer,
Camp Director,ERS,Camp Director,
Cardiologist,ISE,Cardiologist,
Cardiopulmonary Technologist,ISR,Cardiopulmonary Technologist,
Casdiovascular Technologist and Technician,SIR,Casdiovascular Technologist and Technician,
Career Counselor,SAR,Career Counselor,
Cargo and Freight Agent,CSE,Cargo and Freight Agent,
Carpenter,RCE,Carpenter,
Carpet Layer,REI,Carpet Layer,
Cartoonist,AES,Cartoonist,
Casework Supervisor,SEC,Casework Supervisor,
"Caseworker, Family",SEA,Caseworker,
Cashier,CES,Cashier,
Cashier Supervisor,ESR,Cashier Supervisor,
Casino Booth Cashier,CES,Casino Booth Cashier,
"Cellar Supervisor, Winemaking",REA,Cellar Supervisor,
Central Supply Worker,CER,Central Supply Worker,
Cephalometric Analyst,IRC,Cephalometric Analyst,
Chauffeur,REC,Chauffeur,
Chef,RSC,Chef,
Chemical Equipment Operator,RIS,Chemical Equipment Operator,
Chemical Laboratory Chief,IER,Chemical Laboratory Chief,
Chemical Laboratory Technician,IRS,Chemical Laboratory Technician,
Chemical Mixer,RES,Chemical Mixer,
Chemical Plant and System Operator,RIC,Chemical Plant and System Operator,
Chemical Supervisor,ERS,Chemical Supervisor,
Chemical Technician,IRS,Chemical Technician,
Chemist,IRE,Chemist,
Chief Executive Officer,SEI,Chief Executive Officer,
Chief Financial Officer,EIC,Chief Financial Officer,
Chief Information Officer,IER,Chief Information Officer,
Chief Operating Officer,ESI,Chief Operating Officer,
Chief Sustainability Officer,ERS,Kepala Staf Keberlanjutan,
Child Development Specialist,SEC,Child Development Specialist,
Chiropractor,ISR,Chiropractor,
Chiropractor Assistant,SRE,Chiropractor Assistant,
Choral Director,AES,Choral Director,
Choreographer,AES,Choreographer,
Circulation Clerk,ECR,Circulation Clerk,
Circulation Manager,ESC,Manajer Sirkulasi,
City Manager,SEC,City Manager,
Claims Adjuster,ESR,Claims Adjuster,
Claims Agent,SEC,Claims Agent,
Claims Examiner,ESC,Claims Examiner,
Clergy,SAE,Clergy,
Climate Change Analyst,IRC,Climate Change Analyst,
Clinical Data Manager,CIS,Clinical Data Manager,
Clinical Nurse Specialist,SIE,Clinical Nurse Specialist,
Clinical Research Coordinator,ERI,Clinical Research Coordinator,
"Coach, Professional Athletes",SRE,Coach,
"Coach, Youth and Amateur Sports",ESR,Coach,
Collection Clerk,CSR,Collection Clerk,
Comedian,AES,Comedian,
Commercial Designer,AER,Commercial Designer,
Communication Equipment Supervisor,ACR,Communication Equipment Supervisor,
Communications Consultant,EIA,Communications Consultant,
Communications Equipment Operator,CRE,Operator Peralatan Komunikasi,
Community and Social Service Specialist,SEC,Community and Social Service Specialist,
Community Health Worker,SCI,Community Health Worker,
Community Program Aide,SEC,Community Program Aide,
Community Worker,SER,Community Worker,
Compliance Manager,ESI,Compliance Manager,
Composer,ASE,Komposer,
Computer Aided Design Technician,RCI,Teknisi Desain Bantuan Komputer,
Computer Network Architect,IEC,Computer Network Architect,
Computer Network Support Specialist,ISC,Computer Network Support Specialist,
Computer Operations Supervisor,ESI,Computer Operations Supervisor,
Computer Operator,CSR,Computer Operator,
Computer Peripheral Equipment Operator,CSR,Computer Peripheral Equipment Operator,
Computer Programmer,IRC,Computer Programmer,
Computer Security Coordinator,CIS,Computer Security Coordinator,
Computer Security Specialist,CIS,Computer Security Specialist,
Computer Systems Engineer/Architect,IRE,Computer Systems Engineer/Architect,
Computer Systems Hardware Analyst,IRE,Computer Systems Hardware Analyst,
Concierge,ESC,Concierge,
"Conductor, Orchestra",AES,Conductor,
"Conductor, Road Freight",ECS,Conductor,
"Conductor, Train",RSC,Conductor,
Congressional District Aide,CES,Congressional District Aide,
Conservations Scientist,IRE,Conservations Scientist,
Construction Carpenter,RCE,Construction Carpenter,
"Construction Checker, Utilities",RCI,Construction Checker,
Construction Inspector,REC,Inspektur Konstruksi,
Construction Superintendent,ERS,Construction Superintendent,
Construction Worker,RCS,Construction Worker,
Continuity Writer,AES,Continuity Writer,
Contractor,EIR,Contractor,
Controller/Comptroller,EIS,Controller/Comptroller,
Cook Apprentice,RAS,Cook Apprentice,
"Cook, Chief",REA,Cook,
"Cook, Fast Food",RCS,Cook,
"Cook, Hotel and Restaurant",RSE,"Pemasak, Hotel dan Restoran",
"Cook, Institution and Cafetaria",RCS,Cook,
Coordinator of Rehabilitation Services,SEI,Coordinator of Rehabilitation Services,
Copywriter,ASI,Copywriter,
Coroner,ISE,Coroner,
Correction Officer,SER,Correction Officer,
Corrective Therapist,SIR,Corrective Therapist,
Correspondence Clerk,CES,Correspondence Clerk,
Cosmetics Supervisor,SRE,Cosmetics Supervisor,
Cosmetologist,SEA,Cosmetologist,
Cost Clerk,CRS,Cost Clerk,
Costumer,ARI,Costumer,
Counselor,SAE,Counselor,
"Counselor, Camp",SEC,Counselor,
Counter Attendant,CER,Counter Attendant,
"Counter Clerk, Photofinishing",CRE,"Petugas Counter, Photofinishing",
Country Agricultural Agent,SEC,Country Agricultural Agent,
Court Administrator,ESR,Court Administrator,
Court Clerk,CSE,Court Clerk,
Court Officer/Deputy,ESR,Court Officer/Deputy,
Court Reporter,CSE,Court Reporter,
Crabber,REC,Crabber,
Crane and Tower Operator,CRE,Crane and Tower Operator,
Creative Director,AES,Creative Director,
Credit Analyst,CRS,Analis Kredit,
Credit Authorizer,CES,Credit Authorizer,
Credit Card Clerk,CER,Credit Card Clerk,
Credit Counselor,SEC,Credit Counselor,
Crew Scheduler,CRS,Crew Scheduler,
Crime Laboratory Analyst,IRC,Crime Laboratory Analyst,
Cryptanalyst,IEC,Cryptanalyst,
"Curator, Museum",IRS,Curator,
Custom Van Converter,RCI,Custom Van Converter,
Customer Service Representative,CSR,Perwakilan Layanan Pelanggan,
Customs Broker,CSR,Customs Broker,
Customs Import Specialist,ISE,Customs Import Specialist,
Customs Inspector,CEI,Customs Inspector,
Cytogenetic Technologist,IRC,Cytogenetic Technologist,
Cytotechnologist,ICR,Cytotechnologist,
Dairy Farm Supervisor,ERC,Pengawas Peternakan Sapi Perah,
Dairy Scientist,IRE,Dairy Scientist,
Dairy Technologist,IRS,Dairy Technologist,
Dance Instructor,ASE,Instruktur Tari,
Dance Therapist,ASI,Dance Therapist,
Dancer,AER,Dancer,
Data Communications/Telecommunications Analyst,RSI,Data Communications/Telecommunications Analyst,
Data Entry Clerk,CSE,Data Entry Clerk,
Data Entry Supervisor,CES,Data Entry Supervisor,
Data Warehousing Specialist,CIR,Data Warehousing Specialist,
Database Administrator,IRE,Database Administrator,
Database Architect,ICE,Database Architect,
Database Design Analyst,IRS,Database Design Analyst,
Day Care Worker,SAE,Day Care Worker,
Dean of Students,SEA,Dean of Students,
Demonstrator,ESC,Demonstrator,
Dental Assistant,SAI,Dental Assistant,
Dental Ceramist,REC,Dental Ceramist,
Dental Ceramist Assistant,REA,Dental Ceramist Assistant,
Dental Hygienist,SAI,Dental Hygienist,
Dental Laboratory Supervisor,SER,Dental Laboratory Supervisor,
Dentist,ISR,Dentist,
"Dentist, Public Health",IRE,Dentist,
"Department Head, College or University",ESI,Department Head,
Deputy Insurance Commisioner,ESR,Wakil Komisaris Asuransi,
Deputy United States Marshal,SEC,Deputy United States Marshal,
Dermatologist,ISR,Dermatologist,
Desktop Publisher,CRS,Desktop Publisher,
Detective,SER,Detective,
"Detective, Chief",ESC,Detective,
"Detective, Narcotics and Vice",SRE,Detective,
"Die Maker, Jewelry",RIE,"Die Maker, perhiasan",
Diesel Mechanic,REI,Diesel Mechanic,
Dietary Manager,ESC,Dietary Manager,
Dietetic Technician,SEI,Teknisi Diet,
"Dietitian, Clinical",SIE,Dietitian,
"Dietitian, Research",ISR,Dietitian,
"Dietitian, Teaching",SIE,Dietitian,
Dining Room Attendant,RCS,Dining Room Attendant,
Direct Mail Clerk,CRE,Direct Mail Clerk,
Director of Admissions,ESA,Director of Admissions,
"Director of Guidance, Public Schools",SEI,"Direktur Bimbingan, Sekolah Umum",
Director of Institutional Research,ESC,Director of Institutional Research,
Director of Philanthropy/Fundraising,SEC,Director of Philanthropy/Fundraising,
Director of Photography,AES,Director of Photography,
Director of Student Affairs,ESC,Director of Student Affairs,
Director of Vital Statistics,EAI,Director of Vital Statistics,
"Director, Community Health Nursing",SEC,"Direktur, Perawatan Kesehatan Masyarakat",
"Director, Community Organization",SEA,Director,
"Director, Consumer Affairs",SER,Director,
"Director, Correctional Agency",SEI,Director,
"Director, Council On Aging",EAS,Director,
"Director, Craft Center",ESR,Director,
"Director, Day Care Center",ESC,Director,
"Director, Film",SEC,Director,
"Director, Food Service",EIS,Director,
"Director, Industrial Relations",ESI,Director,
"Director, Information Resources",IER,Director,
"Director, Library",SEC,Director,
"Director, Music",AES,Director,
"Director, News",ESA,Director,
"Director, Outpatient Services",ESC,Director,
"Director, Quality Assurance",ESI,Director,
"Director, Radio",ESC,Director,
"Director, Regulatory Agency",ESC,Director,
"Director, Religious Education",SEA,Director,
"Director, Research and Development",ERI,Director,
"Director, Special Education",SEA,"Direktur, Pendidikan Khusus",
"Director, Sportcast",ESR,Director,
"Director, Stage",AES,Director,
"Director, Television",SEA,Director,
"Director, Volunteer Services",SEC,Director,
"Director, Zoo",ESR,Director,
Directory Assistance Operator,CER,Operator Bantuan Direktori,
Dishwaser,RCS,Pencuci piring,
"Dispatcher, Chief",ESC,Dispatcher,
"Dispatcher, Emergency",SIC,Dispatcher,
"Dispatcher, Maintenance Service",CES,"Dispatcher, Layanan Pemeliharaan",
"Dispatcher, Relay",ECR,Dispatcher,
"Dispatcher, Traffic or System",SEC,Dispatcher,
"Dispatcher, Utilities Service",ECS,Dispatcher,
Display Maker,RSI,Display Maker,
Display Manager,AES,Display Manager,
"Displayer, Merchandise",ARE,Displayer,
Distance Learning Coordinator,ESC,Distance Learning Coordinator,
Distribution Manager,ECI,Distribution Manager,
Distribution Supervisor,ECS,Distribution Supervisor,
District Supervisor,SIE,District Supervisor,
Diver,RES,Diver,
Dock Supervisor,RES,Dock Supervisor,
Dockworker,RIS,Dockworker,
Document Management Specialist,ECI,Document Management Specialist,
"Drafter, aeronautical",IRC,Drafter,
"Drafter, Architectural",RCI,Drafter,
"Drafter, Chief",ICR,Drafter,
"Drafter, Detail",RIE,Drafter,
"Drafter, Electrical",IRE,Drafter,
"Drafter, Mechanical",IRE,Drafter,
"Drafter, Structural",IRC,Drafter,
Drafting and Printed Circuit Design Supervisor,EIC,Drafting and Printed Circuit Design Supervisor,
Drama Coach,ASE,Drama Coach,
Dressmaker,RSE,Dressmaker,
Drilling and Production Superintendent,ERI,Drilling and Production Superintendent,
"Driver, Ambulance",RSI,"Pengemudi, Ambulans",
"Driver, Bus",RES,Driver,
"Driver, Sales Route",ESR,"Pengemudi, Rute Penjualan",
"Driver, Truck",RCS,Driver,
Driving Instructor,SER,Driving Instructor,
Drywall Installer,RCS,Drywall Installer,
e-Commerce Project Developer,IRC,e-Commerce Project Developer,
e-Commerce Specialist,EAC,e-Commerce Specialist,
Economist,IAS,Economist,
"Editor, Book",AES,Editor,
"Editor, Journal or Magazine",AES,Editor,
"Editor, Managing",ESA,Editor,
"Editor, News",AES,Editor,
"Editor, Newspaper",AES,Editor,
"Editor, Story",ASE,Editor,
"Editor, Technical and Scientific Publications",ASE,Editor,
"Editor, Web site",CIA,Editor,
Editorial Assistant,CIA,Asisten Editorial,
Editorial Writer,AES,Editorial Writer,
Education Director,ESR,Education Director,
"Education, Training, and Library Worker",ISE,"Pendidikan, Pelatihan, dan Pekerja Perpustakaan",
Educational Program Director,ESC,Educational Program Director,
"Educational Programming Director, Radio and TV",ESC,Educational Programming Director,
Educational Specialist,EIS,Educational Specialist,
Electric Motor Repairer,RIE,Electric Motor Repairer,
Electric Power Superintendent,ECI,Pengawas Tenaga Listrik,
Electrical Appliance Repairer,RSE,Electrical Appliance Repairer,
Electrical Engineering Technologist,RIC,Electrical Engineering Technologist,
Electrical Technician,RIE,Teknisi Elektrik,
Electrician,RIE,Montir listrik,
Electrician Assistant,RCE,"Asisten, Montir listrik",
Electrician Supervisor,RES,Electrician Supervisor,
"Electrician, Film",ESR,"Montir listrik, film",
Electrocardiograph Technician,RCI,Electrocardiograph Technician,
Electroencephalographic Technologist,RCS,Electroencephalographic Technologist,
Electrologist,CRE,Electrologist,
Electromechanical Engineering Technologist,RIC,Electromechanical Engineering Technologist,
Electro-Mechanical Technician,RIE,Electro-Mechanical Technician,
Electronic Home Entertainment Equipment Installer and Repairer,REI,Pemasang dan Pereparasi Peralatan Hiburan Rumah Elektronik,
Electronics Engineering Technologist,RIC,Electronics Engineering Technologist,
Electronics Processing Supervisor,ESR,Electronics Processing Supervisor,
Electronics Technician,IRE,Electronics Technician,
Elevator Techician,RIS,Elevator Techician,
Embalmer,RCI,Embalmer,
Emergency Medical Technician (EMT),RSI,Emergency Medical Technician (EMT),
Employee Relations Specialist,SER,Employee Relations Specialist,
Employer Relations Representative,ESC,Employer Relations Representative,
Employment Clerk,CES,Employment Clerk,
Employment Interviewer,SCE,Employment Interviewer,
Employment Manager,ESC,Manajer Pekerjaan,
Endodontist,ISE,Endodontist,
Endoscopy Technician,RIC,Endoscopy Technician,
Energy Broker,ECS,Energy Broker,
Energy Conservation Representative,RES,Energy Conservation Representative,
Energy Control Officer,ESR,Energy Control Officer,
Engine Tester,RIS,Engine Tester,
"Engineer, Aerospace",IRE,Engineer,
"Engineer, Agricultural",IRE,Engineer,
"Engineer, Airport",ISR,Engineer,
"Engineer, Automotive",RIE,Engineer,
"Engineer, Biochemical",IRE,Engineer,
"Engineer, Biomedical",IRE,Engineer,
"Engineer, Ceramic Design",IRE,Engineer,
"Engineer, Chemical",IRE,Engineer,
"Engineer, Chemical Equipment Sales",ERI,"Insinyur, Penjualan Peralatan Kimia",
"Engineer, Chief",IER,Engineer,
"Engineer, Civil",IRE,Engineer,
"Engineer, Computer Systems Hardware",RIE,Engineer,
"Engineer, Electrical",IRE,Engineer,
"Engineer, Electronics",RIS,Engineer,
"Engineer, Environmental",IRE,Engineer,
"Engineer, Fire Prevention/Protection",CES,"Insinyur, Pencegahan / Perlindungan Kebakaran",
"Engineer, Flight",RES,Engineer,
"Engineer, Health and Safety",ISR,Engineer,
"Engineer, Highway Administrative",IEC,Engineer,
"Engineer, Human Factors/Ergonomist",IRS,"Insinyur, Faktor Manusia / Ergonomis",
"Engineer, Industrial",EIR,Engineer,
"Engineer, Industrial Health and Safety",ISR,Engineer,
"Engineer, Irrigation",IRE,Engineer,
"Engineer, Locomotive",RES,Engineer,
"Engineer, Manufacturing",REI,Engineer,
"Engineer, Marine",IRE,Engineer,
"Engineer, Materials",REI,Engineer,
"Engineer, Mechanical",RIS,Engineer,
"Engineer, Mechatronics",ICR,Engineer,
"Engineer, Microsystems",IRC,Engineer,
"Engineer, Nanosystems",IRC,Engineer,
"Engineer, Nuclear",IRE,Engineer,
"Engineer, Operating",RIS,Engineer,
"Engineer, Optical",RIC,Engineer,
"Engineer, Petroleum",RIE,Engineer,
"Engineer, Photogrammetric",IEC,"Insinyur, Fotogrametri",
"Engineer, Photographic",ISE,Engineer,
"Engineer, Plant",RIE,"Insinyur, Pabrik",
"Engineer, Pollution Control",IEC,Engineer,
"Engineer, Procurement",ECI,Engineer,
"Engineer, Product Safety",ISE,"Insinyur, Keamanan Produk",
"Engineer, Production",EIC,Engineer,
"Engineer, Robotics",IRC,Engineer,
"Engineer, Sales",ERI,Engineer,
"Engineer, Sanitary",IER,"Insinyur, Sanitasi",
"Engineer, Software",IRE,Engineer,
"Engineer, Stationary",REI,Engineer,
"Engineer, Transportation",ISR,Engineer,
"Engineer, Utilities",RCI,Engineer,
"Engineer, Validation",IRC,Engineer,
"Engineer, Water/Wastewater",IRE,Engineer,
"Engineer, Wind Energy",IRE,Engineer,
"Engineering Assistant, Mechanical Equipment",IRC,Engineering Assistant,
"Engineering Manager, Electronics",IES,Engineering Manager,
"Engineering Technician, Civil",RIC,Engineering Technician,
"Engraver, Glass Products",REA,Engraver,
Engraver Machine,RCE,Mesin Pengukir,
Engrosser,RAC,Engrosser,
Entomologist,IRS,Ahli ilmu serangga,
Enterpreneur,ESC,Enterpreneur,
Environmental Control Installer,RCI,Environmental Control Installer,
Environmental Economist,IRE,Environmental Economist,
Environmental Health Scientist,ISR,Environmental Health Scientist,
Environmental Restoration Planner,REA,Environmental Restoration Planner,
Epidemiologist,IRE,Epidemiologist,
Equal Opportunity Representative,ESA,Equal Opportunity Representative,
Equestrian,AER,Equestrian,
Estate Planner,ESI,Estate Planner,
Estimator,RCE,Estimator,
Ethnologist,IRE,Ethnologist,
"Evaluator, Education",SIR,Evaluator,
Event Planner,ESC,Event Planner,
Excavating and Loading Machine Operator,RES,Penggali dan Memuat Operator Mesin,
Excavator,RSC,Excavator,
Executive Chef,SER,Executive Chef,
Executive Housekeeper,ECR,Executive Housekeeper,
Exercise Physiologist,ISR,Pelatih Fisiologi,
Exhibit Builder,ASR,Exhibit Builder,
Exhibit Designer,ASE,Exhibit Designer,
Expediter,SCE,Expediter,
Exterminator,RES,Exterminator,
Eyeglass Lens Cutter,RCE,Eyeglass Lens Cutter,
Fabric Designer,AER,Fabric Designer,
Fabric Inspector,CRE,Fabric Inspector,
Fabric Tester,IRS,Fabric Tester,
"Faculty Member, College or University",SEI,Faculty Member,
"Faculty, Agricultural Sciences",IRS,Faculty,
"Faculty, Anthropology and Archeology",ISA,Faculty,
"Faculty, Architecture",ISR,Faculty,
"Faculty, Biological Science",IRS,Faculty,
"Faculty, Business",ESR,Faculty,
"Faculty, Chemistry",IRS,Faculty,
"Faculty, Communications",SIA,Faculty,
"Faculty, Computer Sciece",IRS,"Staf Fakultas, Ilmu Komputer",
"Faculty, Criminal Justice and Law Enforcement",SIC,Faculty,
"Faculty, Earth and Space Science",IRS,Faculty,
"Faculty, Economics",IES,Faculty,
"Faculty, Education",SIE,Faculty,
"Faculty, Engineering",ISR,Faculty,
"Faculty, English Language and Literature",ASI,Faculty,
"Faculty, Environmental Science",SIE,"Staf Fakultas, Ilmu Lingkungan",
"Faculty, Ethnic and Cultural Studies",SEI,Faculty,
"Faculty, Family and Consumer Sciences",SEA,Faculty,
"Faculty, Fine Arts",ASI,Faculty,
"Faculty, Foreign Language and Literature",ASE,"Staf Fakultas, Bahasa dan Sastra Asing",
"Faculty, Forestry and Conservation Science",IRS,Faculty,
"Faculty, Geography",ISR,Faculty,
"Faculty, Health Specialties",IES,"Staf Fakultas, Spesialisasi Kesehatan",
"Faculty, History",SEI,Faculty,
"Faculty, Law",ESI,Faculty,
"Faculty, Library Science",SIE,Faculty,
"Faculty, Mathematics",IES,Faculty,
"Faculty, Philosophy and Religion",IES,Faculty,
"Faculty, Physics",IES,Faculty,
"Faculty, Political Science",SEI,Faculty,
"Faculty, Psychology",ISE,Faculty,
"Faculty, Social Work",SEI,Faculty,
"Faculty, Sociology",SIE,Faculty,
Farm Machine Operator,RIE,Operator Mesin Pertanian,
"Farmer, General",RIS,Farmer,
Farmer/Rancher,RSI,Petani / Peternakan,
Farmworker,RSE,Farmworker,
Fashion Coordinator,EAS,Fashion Coordinator,
Fashion Designer,ASR,Fashion Designer,
Fashion Model,EAS,Fashion Model,
Fast Food Worker,SCR,Fast Food Worker,
Ferryboat Captain,ESI,Ferryboat Captain,
Field Contractor,SEA,Field Contractor,
"Field Supervisor, Agricultural Workers",EAS,Field Supervisor,
File Clerk,CSR,File Clerk,
Film and Video Editor,ASE,Editor Film dan Video,
Film Laboratory Technician,RCE,Film Laboratory Technician,
Film Projectionist,RIE,Film Projectionist,
Financial Aid Officer,SEC,Financial Aid Officer,
Financial Manager,ESI,Financial Manager,
Financial Planner,ESC,Financial Planner,
Fingerprint Clerk,CEI,Fingerprint Clerk,
Fire Department Battalion Chief,EIS,Fire Department Battalion Chief,
Fire Fighter,RSI,Fire Fighter,
Fire Inspector,CES,Fire Inspector,
Fire Investigator,IRC,Fire Investigator,
Fire Marshal,ERS,Fire Marshal,
"Fire Marshal, Governmental Services",ESR,Fire Marshal,
Fire Protection Engineering Technician,CRI,Fire Protection Engineering Technician,
Fire Warden,ESR,Fire Warden,
Fireworks Display Specialist,REI,Fireworks Display Specialist,
Fish and Game Warden,RES,Fish and Game Warden,
Fish Farmer,REI,Fish Farmer,
Fitness and Wellness Coordinator,EIS,Fitness and Wellness Coordinator,
Fitness Trainer and Aerobics Instructor,SRE,Fitness Trainer and Aerobics Instructor,
Flight Attendant,ESA,Flight Attendant,
Floral Designer,ARE,Floral Designer,
Flying Instructor,SRE,Flying Instructor,
Food and Drug Inspector,SAE,Food and Drug Inspector,
Food Batchmaker,RCS,Food Batchmaker,
Food Cooking Machine Operator,RCS,Food Cooking Machine Operator,
Food Service/Nutrition Aide,SCR,Food Service/Nutrition Aide,
Food Technologist,ISR,Food Technologist,
Food Tester,ISR,Food Tester,
Foreign Exchange Trader,EIC,Foreign Exchange Trader,
Foreign Service Officer,ESA,Foreign Service Officer,
Forensic Science Technician,IRC,Forensic Science Technician,
Forest and Conservation Worker,RCE,Forest and Conservation Worker,
Forest Echologist,IRS,Ekologi Hutan,
Forest Nursery Supervisor,ERS,Pengawas Pembibitan Hutan,
Forester,RIS,Forester,
Foundry Supervisor,RES,Pengawas Pengecoran,
Fraud Examiner/Investigator,ICE,Pemeriksa / Penyelidik Penipuan,
Freight and Cargo Inspector,RSE,Inspektur Pengiriman dan Kargo,
Freight Forwarder,CSI,Penerus Muatan,
Fuel Cell Technician,RIC,Teknisi Sel Bahan Bakar,
Fumigator,REI,Fumigator,
Funds Development Director,ECS,Direktur Pengembangan Dana,
Funeral Attendant,SER,Petugas Pemakaman,
Funeral Director,ESR,Direktur Pemakaman,
Furnace and Klin Operator,RCS,Operator Tungku dan Klin,
Furnace Operator,RSE,Operator Tungku,
Furniture Assembler,CRS,Perakit furnitur,
Furniture Assembly Supervisor,ECR,pengawas perakit furnitur,
Gamekeeper,RSE,Polisi kehutanan,
Gaming and Sports Book Writer,SCE,Penulis buku Game dan Olahraga,
Gaming Dealer,SCE,Gaming Dealer,
Gaming Supervisor,ECS, Supervisor Gaming,
Garage Supervisor,ERS,Pengawas Garasi,
Garment Fitter,RCE,Tukang jahit kain,
Gasoline Engine Repairer,REI,Tukang reparasi Mesin Bensin,
"General Manager, Farm",ESR,"Manajer Umum, Peternakan",
Generating Plant Superintendent,REI,Generating Plant Superintendent,
Genetic Counselor,SIA,Genetic Counselor,
Geneticist,IRS,Geneticist,
Geographer,IRE,Geographer,
Geographic Information Systems Technician,ICR,Geographic Information Systems Technician,
Geological and Petroleum Technician,RIC,Geological and Petroleum Technician,
Geological Sample Test Technician,IRC,Geological Sample Test Technician,
Geologist,IRE,Geologist,
"Geologist, Petroleum",RIE,Geologist,
Geophysicist,IRS,Ahli geofisika,
Geospatial Information Scientist and Technologist,IRC,Geospatial Information Scientist and Technologist,
Geothermal Technician,RIC,Geothermal Technician,
Glass Blower,RCS,Glass Blower,
"Glass Blower, Laboratory Apparatus",RCA,Glass Blower,
"Glass Installer, Automobile Services",RCE,Glass Installer,
"Glazier, Construction",RSE,"Tukang kaca, Konstruksi",
"Grain Elevator, Superintendent",ESC,Inspektur Lift biji-bijian,
Graphic Designer,AER,Graphic Designer,
"Guide, Hunting and Fishing",RES,Guide,
"Guide, Sightseeing",ESC,Guide,
"Guide, Travel",ESC,Guide,
Gunsmith,RIE,pandai senjata,
Hair Stylist,SER,Hair Stylist,
Harbor Master,ESR,Harbor Master,
Hazardous Material Remover,RCI,Hazardous Material Remover,
Hazardous Waste Management Specialist,IRE,Hazardous Waste Management Specialist,
Health Educator,SEI,Health Educator,
Health Equipment Servicer,RCI,Health Equipment Servicer,
"Health Officer, Field",ESI,Health Officer,
Hearing Aid Specialist,SIC,Hearing Aid Specialist,
Hearing Officer,SEI,Hearing Officer,
Heating and Air Conditioning Mechanic and Installer,RES,Heating and Air Conditioning Mechanic and Installer,
Historian,SEI,Historian,
Historic Site Administrator,ESC,Historic Site Administrator,
Histotechnologist and Histologic Technician,IRE,Histotechnologist and Histologic Technician,
Home Appliance Repairer,RSE,Home Appliance Repairer,
Home Energy Consultant Supervisor,ESC,Pengawas Konsultan Energi Rumah,
Home Health Aide,SER,Home Health Aide,
Homemaker,SEC,Homemaker,
Horticulturist,RAE,Horticulturist,
Hospital Admitting Clerk,ECS,Hospital Admitting Clerk,
Hospitalist,ISA,Hospitalist,
"Host/Hostess, Restaurant",ESC,Host/Hostess,
Hotel/Motel Desk Clerk,ECS,Hotel/Motel Desk Clerk,
Human Resources Specialist,ESR,Human Resources Specialist,
Humorist,ASE,Pelawak,
Hydroelectric Plant Technician,RIC,Teknisi Pembangkit Listrik Tenaga Air,
Hydroelectric Station Operator,RCS,Hydroelectric Station Operator,
Hydrologist,IRE,Hydrologist,
Illustrator,AER,Illustrator,
"Illustrator, Medical and Scientific",AIE,Illustrator,
Immunohematologist,ICS,Immunohematologist,
Import-Export Agent,SEC,Import-Export Agent,
Incinerator Plant Supervisor,ECR,Incinerator Plant Supervisor,
Industrial Designer,AES,Industrial Designer,
Industrial Ecologist,IRC,Industrial Ecologist,
Industrial Engineering Technician,IRE,Industrial Engineering Technician,
Industrial Engineering Technologist,EIC,Industrial Engineering Technologist,
Industrial Hygienist,IRE,Industrial Hygienist,
Industrial Safety and Health Technician,ERC,Teknisi Kesehatan dan Keselamatan Industri,
Industrial Therapist,IER,Industrial Therapist,
Informatics Nurse Specialist,SIC,Informatics Nurse Specialist,
"Information Clerk, Motor Transportation",CES,Information Clerk,
Information Technology Project Manager,EIC,Information Technology Project Manager,
Insect and Disease Inspection Supervisor,EAI,Insect and Disease Inspection Supervisor,
"Inspector, Assembly",RCI,Inspector,
"Inspector, Chief",RCE,Inspector,
"Inspector, Electrical",RCE,Inspector,
"Inspector, Firearms",RCI,"Inspektur, Senjata Api",
"Inspector, Heating and Refrigeration",SIA,"Inspektur, Pemanasan dan Pendinginan",
"Inspector, Missile",RIE,Inspector,
"Inspector, Screen Printing",CRA,Inspector,
"Inspector, Tester, Sorter, Sampler, ad Weigher",RIE,"Inspektur, Penguji, Penyortir, Sampler, dan Penimbang iklan",
Instructional Coordinator,SAE,Instructional Coordinator,
Instructional Designer and Technologist,IAS,Instructional Designer and Technologist,
Instrument Repair Supervisor,ERC,Instrument Repair Supervisor,
Instrumentation Technician,RIC,Instrumentation Technician,
Insulation Worker,RCI,Insulation Worker,
Insurance Claims Clerk,SCR,Insurance Claims Clerk,
Insurance Clerk,CSE,Insurance Clerk,
Insurance Processing Clerk,CSR,Insurance Processing Clerk,
Intelligence Analyst,ICE,Intelligence Analyst,
Intelligence Research Specialist,AEI,Intelligence Research Specialist,
Intelligence Specialist,ERS,Intelligence Specialist,
Interior Designer,AES,Interior Designer,
Internet Consultant,IER,Internet Consultant,
Internet/Intranet Administrator,IRS,Internet/Intranet Administrator,
"Interpreter, Sign Language",SCE,Interpreter,
Interpreter/Translator,ESA,Interpreter/Translator,
Inventory Clerk,RCI,Inventory Clerk,
"Investigator, Dealer Accounts",CER,"Investigator, Akun Dealer",
"Investigator, Government Service",SIE,Investigator,
"Investigator, Internal Affairs",SEI,Investigator,
Investment Analyst,CIE,Investment Analyst,
Investment Underwriter,CEI,Investment Underwriter,
Iron and Steel Worker,RIS,Iron and Steel Worker,
Janitor,RES,Janitor,
Jeweler,REC,Jeweler,
Jewelry Designer,REC,Jewelry Designer,
Job Analyst,ICS,Job Analyst,
Job Development Specialist,SRC,Job Development Specialist,
Job Tracer,ECR,Job Tracer,
Jockey,RES,Jockey,
Judge,ESA,Judge,
Judicial Law Clerk,CIR,Judicial Law Clerk,
Kennel Supervisor,RCE,Kennel Supervisor,
Kitchen Supervisor,ERS,Kitchen Supervisor,
"Knitter, Hand",CRE,Knitter,
Labor Relations Specialist,ESC,Labor Relations Specialist,
Laboratory Clerk,RCE,Laboratory Clerk,
Laboratory Supervisor,EIS,Laboratory Supervisor,
"Laboratory Supervisor, Textiles",IER,"Pengawas Laboratorium, Tekstil",
Laboratory Technician,RIE,Laboratory Technician,
Laboratory Tester,RIC,Laboratory Tester,
Landscape Architect,AIR,Landscape Architect,
Landscape Contractor,ESR,Landscape Contractor,
Landscape Gardener,RIS,Landscape Gardener,
Landscape Specialist,CRS,Landscape Specialist,
Landscaping and Groundskeeping Worker,RCE,Landscaping and Groundskeeping Worker,
Laser Technician,IRE,Laser Technician,
Laserist,ASI,Laserist,
Laundry and Dry Cleaning Worker,RES,Pekerja Laundry dan Dry Cleaning,
Lawyer,ESI,Lawyer,
Legislative Assistant,ESR,Legislative Assistant,
Legislator,ESC,Legislator,
Librarian,SAI,Librarian,
"Librarian, Head",SER,Librarian,
Library Assistant,CSE,Library Assistant,
"Library Assistant, Clerical",SCR,"Asisten Perpustakaan, administrasi",
Library Consultant,ESI,Library Consultant,
Library Technical Assistant,ESI,Library Technical Assistant,
License Clerk,CSE,Petugas Lisensi,
"Life, Physical, and Social Science Technician",IRS,Life,
Lifeguard,RSC,Lifeguard,
"Line Service Attendant, Air Transportation",RIE,"Petugas Servis Lini, Transportasi Udara",
Linguist,ISC,Linguist,
Literary Agent,ESA,Agen Sastra,
Livestock Rancher,RSI,Livestock Rancher,
Livestock Yard Supervisor,REA,Livestock Yard Supervisor,
"Loan Interviewer, Mortgage",ESC,Loan Interviewer,
Loan Officer,SEI,Loan Officer,
Lobbyist,ESA,Lobbyist,
Location Manager,EAR,Location Manager,
Locker Room/Coatroom/Dressing Room Attendant,SRC,Locker Room/Coatroom/Dressing Room Attendant,
Locksmith,REC,Locksmith,
Logging Operations Inspector,RES,Inspektur Operasi Penebangan,
Logging Superintendent,ERI,Logging Superintendent,
Logistician,ECS,Logistician,
Logistics Analyst,ICE,Logistics Analyst,
Logistics Engineer,IEC,Logistics Engineer,
Logistics Manager,EIC,Logistics Manager,
Loss Prevention Specialist,ICR,Loss Prevention Specialist,
Luggage Maker,REC,Luggage Maker,
Lyricist,ASE,Penulis lirik,
Machine Maintenance/Repair Worker,RCI,Machine Maintenance/Repair Worker,
Machinist,RIE,Machinist,
Magician,AES,Magician,
Magnetic Resonance Imaging Technologist,RSC,Magnetic Resonance Imaging Technologist,
Maid/Housekeeper,RES,Pembantu Rumah Tangga,
Mail Clerk,CRE,Mail Clerk,
Mail Handler,RSC,Mail Handler,
Mail Machine Operator,RCE,Mail Machine Operator,
Mailroom Supervisor,ESR,Mailroom Supervisor,
Maintenance Chief,ECR,Maintenance Chief,
Maintenance Inspector,RES,Maintenance Inspector,
"Maintenance of Equipment Superintendent, Motor Transportation",ECS,"Pemeliharaan Peralatan Inspektur, Transportasi Motor",
Maintenance Scheduler,ECS,Maintenance Scheduler,
"Maintenance Supervisor, Utilities",EIR,Maintenance Supervisor,
Maintenance Worker,RCI,Maintenance Worker,
Manager of Correctional Officers,ERS,Manager of Correctional Officers,
"Manager of Farming, Fishing, and Forestry Workers",ERS,"Manajer Pekerja Pertanian, Perikanan, dan Kehutanan",
"Manager of Helpers, Laborers, and Material Movers",ERS,Manager of Helpers,
Manager of Landscaping and Groundskeeping Workers,REC,Manajer Pekerja Lansekap dan Pemeliharaan Lahan,
"Manager of Mechacics, Installers, and Repairers",RIS,Manager of Mechacics,
Manager of Office and Administrative Support Workers,SCE,Manager of Office and Administrative Support Workers,
Manager of Production and Operating Workers,SRC,Manager of Production and Operating Workers,
"Manager, Advertising Agency",AES,Manager,
"Manager, Advertising and Promotions",ESC,Manager,
"Manager, Apartment",ERS,Manager,
"Manager, Automobile Service Station",ERS,"Manajer, Bengkel Servis Mobil",
"Manager, Bakery",ESR,Manager,
"Manager, Barber or Beauty Shop",ESC,Manager,
"Manager, Biofules/Biodiesel Technology and Product Development",IEC,"Manajer, Biofuels / Teknologi Biodiesel dan Pengembangan Produk",
"Manager, Biomass Power Plant",EIS,Manager,
"Manager, Branch Store",ECS,Manager,
"Manager, Brokerage Office",ESR,Manager,
"Manager, Bulk Plant",ERI,Manager,
"Manager, Computer and Information Systems",IER,Manager,
"Manager, Computer Operations",SEI,Manager,
"Manager, Condominium",ESC,"Manajer, Kondominium",
"Manager, Convention",ESA,Manager,
"Manager, Credit and Collection",ESC,Manager,
"Manager, Customer Technical Services",ESR,Manager,
"Manager, Dance Studio",ESA,Manager,
"Manager, Dental Laboratory",EIS,Manager,
"Manager, Department",ESA,Manager,
"Manager, Department Store",SER,Manager,
"Manager, e-Commerce Merchandising",ESA,Manager,
"Manager, Education and Training",EIS,Manager,
"Manager, Employee Welfare",SEA,Manager,
"Manager, Fast Food Services",SER,Manager,
"Manager, Financial Institution",ESR,Manager,
"Manager, Flight Operations",ESI,Manager,
"Manager, Food Service",ESR,Manager,
"Manager, Golf Club",ECS,Manager,
"Manager, Harbor Department",ERS,Manager,
"Manager, Hotel/Motel",ESR,Manager,
"Manager, Housekeeping",ESR,"Manajer, Tata graha",
"Manager, Hydroelectric Production",RIE,"Manajer, Produksi PLTA",
"Manager, Insurance office",ESC,Manager,
"Manager, Investment Fund",EIS,Manager,
"Manager, Labor Relations",ESR,Manager,
"Manager, Laboratory",IRS,Manager,
"Manager, Land Surveying",IER,Manager,
"Manager, Laundromat",ERI,Manager,
"Manager, Loss Prevention",ECI,Manager,
"Manager, Marina Dry Dock",ERI,Manager,
"Manager, Nursery and Greenhouse",ESA,Manager,
"Manager, Orchard",REC,Manager,
"Manager, Procurement Services",ECS,Manager,
"Manager, Property/Community Association",EAS,Manager,
"Manager, Quality Control",IER,Manager,
"Manager, Records Analysis",EAI,Manager,
"Manager, Regulatory Affairs",ECI,Manager,
"Manager, Retail Store",ESC,Manager,
"Manager, Safety",IES,Manager,
"Manager, Social and Community Service",ESR,Manager,
"Manager, Solar Energy Installation",REC,Manager,
"Manager, spa",ECS,Manager,
"Manager, Storage Garage",ESR,Manager,
"Manager, Theater",ESR,Manager,
"Manager, Training and Development",SEC,Manager,
"Manager, Travel Agency",ESR,Manager,
"Manager, Vehicle Leasing and Rental",ERS,Manager,
"Manager, Warehouse",ESR,Manager,
"Manager, Wind Energy Operations",IER,Manager,
Manicurist/Pedicurist,RAS,Manicurist/Pedicurist,
Manufacturer's Representative,ESA,Perwakilan Manufaktur,
Manufacturer's Service Representative,RES,Manufacturer's Service Representative,
Manufacturing Engineering Technologist,RIC,Manufacturing Engineering Technologist,
Manufacturing Production Technician,RIC,Manufacturing Production Technician,
Mapping Technician,ECR,Mapping Technician,
Marina Sales and Service Supervisor,ERA,Marina Sales and Service Supervisor,
Marine Biologist,IRE,Marine Biologist,
Marine Service Manager,REA,Marine Service Manager,
Marine Service Technician,RCE,Teknisi Layanan Kelautan,
Market Research Analyst,ISC,Market Research Analyst,
Marketing Executive,EIC,Marketing Executive,
Marriage and Family Therapist,SAI,Marriage and Family Therapist,
Mason,RES,Mason,
Massage Therapist,SRC,Massage Therapist,
Material Scheduler,IRC,Material Scheduler,
Materials Scientist,RIE,Materials Scientist,
Mathematical Technician,IRC,Mathematical Technician,
Mathematician,IER,Mathematician,
Mechanical Door Repairer,RIC,Mechanical Door Repairer,
Mechanical Engineering Technologist,RIC,Mechanical Engineering Technologist,
Media and Communication Equipment Worker,RCI,Media and Communication Equipment Worker,
Media Coordinator,CSE,Koordinator Media,
Media Director,ESC,Media Director,
Media Marketing Director,ESR,Media Marketing Director,
Medical Assistant,SCR,Medical Assistant,
Medical Equipment Repairer,RCI,Medical Equipment Repairer,
Medical Laboratory Assistant,IRE,Medical Laboratory Assistant,
Medical Records Administrator,SIE,Medical Records Administrator,
Medical Records Clerk,CSI,Medical Records Clerk,
Medical Records Technician,CIR,Teknisi Rekam Medis,
Medical Scientist,IER,Medical Scientist,
Medical Secretary,CES,Medical Secretary,
Medical Social Worker,ESA,Medical Social Worker,
Medical Technologist,ISA,Medical Technologist,
"Medical Technologist, Chief",IER,Medical Technologist,
Medical Transcriptionist,CSR,Medical Transcriptionist,
Memorial Designer,AER,Memorial Designer,
Mental Health and Substance Abuse Social Worker,SEA,Mental Health and Substance Abuse Social Worker,
Mental Health Counselor,SAE,Mental Health Counselor,
Metallographer,IRE,Metallographer,
"Metallurgist, Physical",IRE,Metallurgist,
Meteorologist,IRS,Meteorologist,
Meter Inspector,RCE,Inspektur meter,
Meter Reader,CSE,Meter Reader,
Methane/Landfill Gas Collection Systems Operator,RCE,Methane/Landfill Gas Collection Systems Operator,
Metrologist,IES,Metrologist,
Microbiologist,ISC,Microbiologist,
Microelectronics Technician,RCI,Microelectronics Technician,
Midwife,SIR,Midwife,
Mill Supervisor,ERC,Mill Supervisor,
Mime,AEI,Pantomim,
Mine Inspector,ERC,Mine Inspector,
Miner,RIE,Miner,
Mineralogist,ISR,Mineralogist,
Miniature Set Constructor,ARE,Miniature Set Constructor,
Mining Machine Operator,RCI,Mining Machine Operator,
Model Maker,ARI,Model Maker,
"Model Maker, Pottery and Porcelain",RAE,"Pembuat Model, Tembikar dan Porselen",
"Model, Photographers",AES,Model,
Modeling Instructor,ASE,Instruktur Pemodelan,
Molding and Casting Worker,ARI,Molding and Casting Worker,
Molecular and Cellular Biologist,IRC,Molecular and Cellular Biologist,
Mortgage Clerk,CRS,Mortgage Clerk,
Motorboat Mechanic and Service Technician,RES,Motorboat Mechanic and Service Technician,
Motorcycle Mechanic,RIE,Motorcycle Mechanic,
Mover,RSE,Mover,
"Mover, Residential",RSE,Mover,
Multiple Machine Operator,RIS,Multiple Machine Operator,
Music Arranger,AEI,Music Arranger,
Music Copyist,CRS,Music Copyist,
Music Librarian,SRE,Music Librarian,
Music Supervisor,EAS,Music Supervisor,
Music Therapist,SAE,Music Therapist,
"Musician, Instrumental",ASC,Musician,
Nanny,SRE,Nanny,
Nanotechnology Engineering Technician,RIC,Nanotechnology Engineering Technician,
Nonotechnology Engineering Technologist,IRC,Teknisi Rekayasa Nonoteknologi,
Narrator,AES,Narrator,
Natural Science Manager,IER,Manajer Ilmu Pengetahuan Alam,
Navigator,ICR,Navigator,
Network Administrator/Network Control Supervisor,SEC,Network Administrator/Network Control Supervisor,
Network Designer,IES,Network Designer,
Neorologist,IRS,Ahli Neorologi,
Neoropsychologist,ISA,Ahli Neoropsikologi,
New Accounts Clerk,SCE,New Accounts Clerk,
Newscaster,ESI,Penyiar warta berita,
Night Auditor,CRS,Night Auditor,
Non-Destructive Testing Specialist,IRC,Non-Destructive Testing Specialist,
Nuclear Equipment Operation Technician,RCS,Nuclear Equipment Operation Technician,
Nuclear Medicine Technologist,RIS,Nuclear Medicine Technologist,
Nuclear Power Plant Operations Supervisor,EIS,Nuclear Power Plant Operations Supervisor,
Nuclear Power Reactor Operator,RIE,Nuclear Power Reactor Operator,
Nuclear Technician,RCI,Nuclear Technician,
Nurse Anesthetist,ISE,Perawat Anestesi,
Nurse Assistant,SER,Nurse Assistant,
Nurse Midwife,SIR,"Bidan, Perawat",
Nurse Practitioner,ISA,Nurse Practitioner,
"Nurse, Acute Care",SIR,Nurse,
"Nurse, Critical Care",SIC,Nurse,
"Nurse, General Duty (RN)",SIA,Nurse,
"Nurse, Instructor",SIE,Nurse,
"Nurse, Licensed Practical",SAC,Nurse,
"Nurse, Office",SIR,Nurse,
"Nurse, Private Duty",ISR,Nurse,
"Nurse, Psychiatric",SEI,Nurse,
"Nurse, School",SIE,Nurse,
"Nurse, Supervisor",SEI,Nurse,
Obstetrician,IRS,Obstetrician,
Occupational Health and Safety Technician,CES,Teknisi Kesehatan dan Keselamatan Kerja,
Occupational Safety and Health Inspector,ECS,Occupational Safety and Health Inspector,
Occupational Therapist,SRE,Occupational Therapist,
Occupational Therapy Aide,SCR,Occupational Therapy Aide,
Occupational Therapy Assistant,SCE,Occupational Therapy Assistant,
Office Assistant,ECR,Office Assistant,
Office Clerk,CRS,Office Clerk,
Office Manager,ESR,Office Manager,
Oil-Well Services Superintendent,ERS,Oil-Well Services Superintendent,
Online Merchant,ECA,Online Merchant,
"Operations Manager, Motor Transportation",ESI,Operations Manager,
Operations Research Analyst,IRE,Analis Riset Operasi,
Opthalmic Medical Technician,CIS,Teknisi Medis Kedokteran Mata,
Opthalmic Medical Technologist,CIS,Teknologi Medis Kedokteran Mata,
Opthalmic Technician,CIS,Teknisi Kedokteran Mata,
Opthalmologist,ISR,Dokter mata,
Optical Effects Camera Operator,ASR,Optical Effects Camera Operator,
Optical Effects Layout Person,ASC,Optical Effects Layout Person,
Optical Technician,REI,Optical Technician,
"Optician, Dispensing",SEI,Optician,
Optometric Assistant,SCI,Asisten Optometri,
Optometrist,ISE,Optometrist,
Oral and Maxilofacial Surgeon,IRA,Ahli Bedah Oral dan Maksilofasial,
"Order Filer, Wholesale and Rental Sales",RCE,"Pemesanan Filer, Penjualan Grosir dan Sewa",
Orderly,SRE,Orderly,
Ornamental Metalwork Designer,ARS,Ornamental Metalwork Designer,
Orthodontic Technician,RCE,Orthodontic Technician,
Orthodontist,ISR,Orthodontist,
Orthoptist,ISR,Orthoptist,
Orthotics Technician,RSC,Teknisi Orthotics,
Orthotist,RSE,Ahli Orthosis,
Package Designer,AEI,Package Designer,
Packer and Package,RCS,Pengemas,
Painter,ASI,Pelukis,
"Painter, Animater Cartoons",CER,"Pelukis, animator Kartun ",
"Painter, Construction",RSE,Painter,
"Painter, Electrostatic",RIC,Painter,
"Painter, Hand",ARE,Painter,
Painting Instructor,AES,Painting Instructor,
Paleontologist,ISR,Paleontologist,
"Paperhanger, Construction",RSE,Paperhanger,
Paralegal,SEC,Paralegal,
Parasitologist,IRS,Parasitologist,
Park Narutalist,SEI,Narutalis Taman ,
Park Superintendent,ERA,Park Superintendent,
Parking Lot attendant,CRE,Parking Lot Attendant,
Parking Lot Supervisor,SER,Pengawas Tempat Parkir,
Parts Clerk,RCS,Parts Clerk,
Parts Salesperson,ESR,Parts Salesperson,
"Passenger Service Representative, Air Transportation",SEC,Passenger Service Representative,
"Passenger Service Representative, Railroad Transportation",ECS,Passenger Service Representative,
Passport Application Examiner,CES,Passport Application Examiner,
Pastry Chef,RAS,Pastry Chef,
Patent Agent,EAI,Patent Agent,
Pathologist,IRE,Pathologist,
Patient Representative,SEC,Patient Representative,
Paving Equipment Operator,RCE,Paving Equipment Operator,
Pawnbroker,ECS,Pawnbroker,
Payroll Clerk,CRE,Payroll Clerk,
Pediatrician,ISE,Dokter anak,
Perfumer,ISE,Pembuat parfum,
Periodontist,IRE,Periodontist,
Personal Shopper,ESR,Personal Shopper,
Personnel Clerk,CSE,Personnel Clerk,
Personnel Manager,SEC,Personnel Manager,
Personnel Recruiter,SCE,Perekrut Personalia,
Pesticide Applicator,RIE,Pesticide Applicator,
Pesticide Control Inspector,CIR,Pesticide Control Inspector,
Petroleum Inspector,CSE,Petroleum Inspector,
Pewterer,ASR,Pewterer,
Pharmaceutical Sales Representative,EIS,Perwakilan Penjualan Farmasi,
Pharmacist,IES,Pharmacist,
Pharmacologist,IRE,Pharmacologist,
Pharmacy Aide,REC,Pharmacy Aide,
Pharmacy Technician,REC,Pharmacy Technician,
Philologist,AIS,Philologist,
Philebotomist,SRI,Filebotomis,
Photo Technician,RCI,Photo Technician,
Photogrammetrist,IRC,Photogrammetrist,
Photograph Retoucher,RCA,Photograph Retoucher,
"Photographer, Still",ARS,Photographer,
Photographic Process Worker,REI,Photographic Process Worker,
Photojournalist,AEC,Jurnalis foto,
Physitrist,IRE,Ahli fisika,
Physical Education Instructor,SER,Instruktur Pendidikan Jasmani,
Physical Therapist,SIE,Physical Therapist,
Physical Therapist Assistant,SCR,Asisten Ahli Terapi Fisik,
Physical Therapy Aide,ESC,Physical Therapy Aide,
Physician Assistant,ISA,Physician Assistant,
"Physician, General Practioner",ISE,Physician,
"Physician, Internist",ISA,Physician,
"Physician, Naturopathic",SIR,Physician,
"Physician, Nuclear Medicine",SIE,"Dokter, pengobatan Nuklir",
"Physician, Occupational",ISC,Physician,
"Physician, Osteopathic Medicine",ISR,Physician,
"Physician, Preventive Medicine",ISA,Physician,
"Physician, Sports Medicine",ISR,Physician,
Physicist,IRE,Physicist,
Physiologist,IRE,Physiologist,
Piano Technician,RAE,Piano Technician,
Piano Tuner,RCS,Piano Tuner,
Picture Framer,RCE,Picture Framer,
"Pilot, Airplane",IRE,Pilot,
"Pilot, Commercial Airplane",RIE,Pilot,
"Pilot, Executive",RIE,Pilot,
"Pilot, Helicopter",RIS,"Pilot, Helikopter",
"Pilot, Highway Patrol",ERS,Pilot,
Pipe Fitter,RCE,Pipe Fitter,
Pipelayer,RCE,Pipelayer,
Pipelines Supervisor,REC,Pipelines Supervisor,
Placement Director,ESA,Placement Director,
Planetarium Technician,RCI,Planetarium Technician,
Plant Pathologist,IRS,Plant Pathologist,
Plant Supervisor,SRE,Plant Supervisor,
Plasterer and Stucco Mason,RES,Plester dan Stucco Mason,
Plating and Coating Machine Operator,RIE,Plating and Coating Machine Operator,
Playwright,ASE,Dramawan,
Plumber,REI,Plumber,
Podiatrist,SIR,Podiatrist,
Poet,AES,Poet,
"Police Captain, Precinct",ERS,Police Captain,
Police Officer,SER,Police Officer,
"Police Officer, Crime Prevention",SCR,"Polisi, Pencegahan Kejahatan",
"Police Officer, Safety Instruction",SCE,Police Officer,
"Police Officer, State Highway",RSE,Police Officer,
Political Scientist,SEI,Political Scientist,
Politician,ESA,Politician,
Pollution Control Technician,RSI,Teknisi Pengendalian Polusi,
Polygrapgh Examiner,CIS,Pemeriksa Poligraf,
Post Office Clerk,CSE,Post Office Clerk,
Postal Service Mail Carrier,CRS,Postal Service Mail Carrier,
Postmaster,ESR,Kepala kantor pos,
Precision Agriculture Technician,RIC,Precision Agriculture Technician,
Preparation Plant Supervisor,EAR,Preparation Plant Supervisor,
Prepress Technician,ARE,Prepress Technician,
"President, Educational Institution",ESR,President,
"President, Financial Institution",SEI,President,
Press Operator,RSC,Press Operator,
Preventive Maintenance Coordinator,CRE,Preventive Maintenance Coordinator,
Print Binding and Finishing Worker,RCA,Pekerja Print Binding dan Finishing,
Printed Circuit Designer,IRC,Perancang Sirkuit Cetak,
Printing Machine Operator,RCI,Printing Machine Operator,
Printmaker,AES,Printmaker,
Private Investigator,ESI,Private Investigator,
Probation/Parole Officer,SIE,Probation/Parole Officer,
"Process Artist, Printing and Publishing",REA,Process Artist,
Process Server,ESC,Process Server,
Procurement Clerk,CES,Procurement Clerk,
"Producer, Film",ESA,Producer,
"Producer, Radio and TV",SEA,Producer,
Production Clerk,CSR,Production Clerk,
Production Coordinator,ESR,Production Coordinator,
Production Laborer,RCS,Production Laborer,
Production Manager,ERC,Production Manager,
"Production Manager, Advertising",ASE,"Manajer Produksi, Periklanan",
Production Planner,REI,Production Planner,
"Production Superintendent, Agriculture",EIR,Production Superintendent,
"Program Administrator, Alcohol and Drug Abuse Assistance",ESR,"Administrator Program, Alkohol dan Bantuan Penyalahgunaan Narkoba",
"Program Coordinator, Amusement and Recreation",AES,Program Coordinator,
Program Manager,EIR,Program Manager,
Program Services Planner,EIS,Program Services Planner,
"Project Manager, Environmental Research",EIS,Project Manager,
"Projectionist, Chief",SCR,Projectionist,
Proofreader,CSI,Proofreader,
Property Clerk,CRS,Property Clerk,
Prospector,RIS,Prospector,
Prosthetics Technician,RIE,Prosthetics Technician,
Prosthetist,RSE,Prosthetist,
Prosthodontist,ISR,Prosthodontist,
Psychiatric Aide,SEC,Psychiatric Aide,
Psychiatric Aide Instructor,SCE,Instruktur Pembantu Psikiatri,
"Psychiatric Aide, Mentally Challenged",SRI,Psychiatric Aide,
Psychiatric Technician,SIE,Psychiatric Technician,
Psychiatrist,ISA,Psychiatrist,
"Psychologist, Chief",ISE,Psychologist,
"Psychologist, Clinical",SIA,Psychologist,
"Psychologist, Counseling",SIA,Psychologist,
"Psychologist, Educational",IES,Psychologist,
"Psychologist, Experimental",IES,Psychologist,
"Psychologist, Industrial-Organizational",IES,"Psikolog, Industri-Organisasi",
"Psychologist, School",SEI,Psychologist,
Psychometrist,IES,Psychometrist,
Public Health Service Officer,IES,Public Health Service Officer,
Public Relations Representative,ASE,Perwakilan Hubungan Masyarakat,
Public Relations Specialist,AES,Public Relations Specialist,
Pulmonary Function Technician,IRC,Pulmonary Function Technician,
Puppeteer,AEI,Puppeteer,
Purchasing Agent,ESR,Purchasing Agent,
Purification Operator,RSE,Purification Operator,
Quality Assurance Analyst/Tester,RIC,Quality Assurance Analyst/Tester,
Quality Control Analyst,IRC,Quality Control Analyst,
"Quality Control Clerk, Drug Preparation and Relate products",CSR,"Petugas Kendali Mutu, Penyiapan Obat dan Produk yang Berhubungan",
Quality Control Coordinator,CES,Quality Control Coordinator,
"Quality Control Technician, Food Preparation",REI,Quality Control Technician,
"Quality Control Technician, Manufactured Products",RCI,Quality Control Technician,
Radiation Monitor,RCS,Radiation Monitor,
Radiation Protection Specialist,IRS,Radiation Protection Specialist,
Radiation Therapy Technologist,RIS,Radiation Therapy Technologist,
Radio Frequency Identification Device Specialist,RIC,Radio Frequency Identification Device Specialist,
Radio Operator,RCE,Radio Operator,
"Radio Cellular, and Tower Equipment Installer and Repairer",RIE,"Pemasang dan Perbaikan Peralatan Radio Seluler, dan Menara",
Radiologic Technician,SRI,Radiologic Technician,
Radiologic Technologist,SRI,Radiologic Technologist,
"Radiologic Technologist, Chief",ISE,Radiologic Technologist,
Radiological Equipment Specialist,RES,Radiological Equipment Specialist,
Radiologist,IRS,Radiologist,
Radiopharmacist,IRC,Radiopharmacist,
Railway Equipment Operator,ERA,Railway Equipment Operator,
Range Manager,IRS,Range Manager,
"Rate Analyst, Freight",CSE,Rate Analyst,
Real Estate Broker,ECS,Real Estate Broker,
Receipt and Report Clerk,CRI,Receipt and Report Clerk,
Receptionist,CSE,Receptionist,
Recreation Aide,SCR,Recreation Aide,
Recreation Leader,SEI,Recreation Leader,
Recreation Supervisor,ESA,Recreation Supervisor,
Recreational Therapist,SEC,Recreational Therapist,
Recruiter,SRE,Recruiter,
Recycling and Reclamation Worker,RCS,Recycling and Reclamation Worker,
Recycling Coordinator,ERC,Recycling Coordinator,
"Referral Clerk, Temporary Employment Agency",CES,"Petugas Rujukan, Agen Tenaga Kerja Sementara",
"Refinery Operator, Grain",RES,Refinery Operator,
Refrigeration Mechanic,RES,Refrigeration Mechanic,
Refuse and Recyclable Material Collector,RCS,Refuse and Recyclable Material Collector,
"Registrar, College or University",ESC,Registrar,
"Registrar, Museum",CER,Registrar,
Regulatory Affairs Specialists,CEI,Regulatory Affairs Specialists,
Reinforcing Iron and Rebar Worker,RCI,Reinforcing Iron and Rebar Worker,
Remote Sensing Scientist/Technologist,IRC,Remote Sensing Scientist/Technologist,
Remote Sensing Technician,IRC,Teknisi remote sensing,
"Repairer, Art Objects",RCE,Repairer,
"Repairer, Electronics and Computers",RIS,"Perbaikan, Elektronik dan Komputer",
"Repairer, Welding Equipment",REI,Repairer,
Reporter/News Correspondent,ASI,Reporter/News Correspondent,
Research Contracts Supervisor,SEI,Research Contracts Supervisor,
Research Director,SEA,Research Director,
Reservation Clerk,CES,Reservation Clerk,
"Reservations Agent, Air Transportation",CES,Reservations Agent,
Residental Advisor,SEC,Penasihat Penduduk,
Respiratory Therapist,SIR,Respiratory Therapist,
Respiratory Therapy Aide,SRC,Respiratory Therapy Aide,
Respiratory Therapy Technician,SRI,Respiratory Therapy Technician,
"Restorer, Ceramic",ASI,Restorer,
"Restorer, Paintings",ASR,"Pemulih, Lukisan",
"Restorer, Paper and Prints",AIS,Restorer,
Revenue Agent,ERI,Revenue Agent,
Rigger,RSC,Rigger,
Risk Management Specialist,EIC,Risk Management Specialist,
Road Supervisor,ERI,Road Supervisor,
Robot Technician,IRS,Robot Technician,
Roofer,REC,Roofer,
"Roustabout, Oil and Gas",RCI,Roustabout,
Route Supervisor,SER,Route Supervisor,
Safety Clothing and Equipment Designer,AER,Desainer Pakaian dan Peralatan Keselamatan,
Safety Inspector,RCS,Safety Inspector,
"Safety Inspector, Truck",REC,Safety Inspector,
"Safety Manager, Medical Services",SEC,Safety Manager,
"Sales Agent, Financial Services",ESC,Sales Agent,
"Sales Agent, Insurance",ESC,Sales Agent,
"Sales Agent, Real Estate",ESC,Sales Agent,
"Sales Agent, Securities and Commodities",EAS,"Agen Penjualan, Efek dan Komoditas",
Sales Clerk,ESR,"Perwakilan Penjualan, Periklanan",
Sales Correspondent,ERS,"Perwakilan Penjualan, Alas Kaki",
"Sales Representative , Advertising",ESR,"Perwakilan Penjualan, Periklanan",
"Sales Representative, Farm and Garden Equipment and Supplies",ESR,"Tenaga penjual, Mobil",
"Sales Representative, Footwear",ESA,"Perwakilan Penjualan, Alas Kaki",
"Sales Representative, Graphic Art",AES,"Tenaga penjual, Alat Musik, dan Aksesori",
"Sales Representative, Hobbies and Crafts",ESR,"Perwakilan Penjualan, Hobi dan Kerajinan",
"Sales Representative, Household Appliances",ESA,Inspektur Sanitasi,
"Sales Representative, Office Machines",ESR,Operator Mesin Jahit,
"Sales Representative, Security Systems",ERI,Sales Representative,
"Sales Representative, Technical and Scientific Products",ESR,Sales Representative,
"Salesperson, Apparel and Accessories",EAS,Salesperson,
"Salesperson, Automobiles",ESR,"Tenaga penjual, Mobil",
"Salesperson, Books",ESC,Salesperson,
"Salesperson, Cosmetics and Toiletries",ESA,"Tenaga penjual, Kosmetik, dan Peralatan Mandi",
"Salesperson, Flowers",AER,Salesperson,
"Salesperson, General Merchandise",ESA,Salesperson,
"Salesperson, Musical Instruments and Accessories",ESA,"Tenaga penjual, Alat Musik, dan Aksesori",
"Salesperson, Pianos and Organs",ESR,Salesperson,
"Salesperson, Sporting Goods",ESA,Salesperson,
"Sampler, Minerals and Earths",ECR,Pencoba air mineral dan bumi,
Sanitarian,ISR,Sanitarian,
Sanitation Inspector,ERS,Sanitation Inspector,
Sanitation Superintendent,ESI,Inspektur Sanitasi,
Sanitation Supervisor,ERI,Sanitation Supervisor,
Satellite Communications Technician,RCI,Satellite Communications Technician,
Sewing Machine Operator,RIC,Operator Mesin Jahit,
Scenic Arts Supervisor,AES,Scenic Arts Supervisor,
Schedule Maker,ERI,Schedule Maker,
School Crossing Guard,ESC,School Crossing Guard,
School Principal,SEI,School Principal,
School/Guidance Counselor,SCE,School/Guidance Counselor,
Screen Writer,AEI,Screen Writer,
Scuba Diver,REI,Penyelam Scuba,
Sculptor,AER,Sculptor,
Search Marketing Strategist,EIS,Search Marketing Strategist,
Secretary,CSE,Secretary,
Securities Clerk,CSE,Securities Clerk,
"Securities Trader, Financial",ECS,Securities Trader,
Security and Fire Alarm Systems Installer,RCS,Pemasang Sistem Keamanan dan Alarm Kebakaran,
Security Consultant,ESC,Security Consultant,
Security Guard,SEC,Security Guard,
Security Manager,EIC,Security Manager,
Seismologist,IRE,Seismologist,
Semiconductor Technician,ERC,Semiconductor Technician,
"Service Manager, Automobile Services",ESR,Service Manager,
"Service Unit Operator, Oil, Gas, and Mining",RCI,Service Unit Operator," and Mining"""
"Set Decorator, Theater and Film",AES,Set Decorator,
"Set Designer, Theater and Film",AIE,Set Designer,
Sewer System Supervisor,EIR,Sewer System Supervisor,
Sewing Machine Operator,CSR,Sewing Machine Operator,
Sheet Metal Worker,REI,Sheet Metal Worker,
Sheriff/Deputy Sheriff,REC,Sheriff/Deputy Sheriff,
Ship Captain,ERI,Ship Captain,
Ship Mate,ERS,Ship Mate,
Ship Pilot,REI,Ship Pilot,
Shipfitter,RIE,Shipfitter,
Shipping and Receiving Clerk,REI,Shipping and Receiving Clerk,
"Shipping and Receiving, Order Clerk",CES,"Pegawai Pengiriman dan Penerimaan, Pesanan ",
Shoe Repairer,RSE,Shoe Repairer,
Shopping Investigator,ESC,Shopping Investigator,
Show Operations Supervisor,ASE,Tampilkan Pengawas Operasi,
Sign Shop Supervisor,AES,Sign Shop Supervisor,
Silversmith,RSC,Silversmith,
Singer,AES,Penyanyi,
Singing Messenger,ASC,Singing Messenger,
Skin Care Specialist,RSA,Spesialis Perawatan Kulit,
Small Engine Mechanic,REC,Small Engine Mechanic,
Social Director,ESC,Social Director,
Social Science Research Assistant,CIS,Social Science Research Assistant,
Social Services Aide,SCE,Social Services Aide,
Social Welfare Administrator,ESA,Administrator Kesejahteraan Sosial,
Social Worker,SEC,Social Worker,
Sociologist,IES,Sociologist,
Software Developer,IRC,Software Developer,
Software Quality Assurance Engineer and Tester,ICR,Software Quality Assurance Engineer and Tester,
Soil Conservation Technician,IRC,Soil Conservation Technician,
Soil Conservationist,IRE,Soil Conservationist,
Solar Energy Systems Designer,RIC,Solar Energy Systems Designer,
Solar Fabrication Technician,RCI,Solar Fabrication Technician,
Solar Photovoltaic Installer,RCI,Solar Photovoltaic Installer,
Solar Sales Representative and Assessor,ESC,Solar Sales Representative and Assessor,
Solar Thermal Installer/Technician,RCI,Solar Thermal Installer/Technician,
Solderer and Brazer,CRS,Solderer and Brazer,
Sound Effects Technician,RAE,Sound Effects Technician,
Sound Mixer,RCS,Sound Mixer,
Sound Technician,RIE,Sound Technician,
"Special Agent, Customs",SRI,Special Agent,
"Special Agent, Governmental Services",ERI,Special Agent,
Special Education Supervisor,SEC,Special Education Supervisor,
Speech-Language Pathologist,SAI,Speech-Language Pathologist,
Speech-Language Pathology Assistant,SRC,Speech-Language Pathology Assistant,
Stage Manager,ESC,Stage Manager,
Stage Technician,ARS,Stage Technician,
Statement Clerk,CSE,Statement Clerk,
"Station Manager, Radio and TV",ESR,Station Manager,
"Station Manager, Railroad",ESC,Station Manager,
Statistical Assistant,ICS,Statistical Assistant,
Statistician,IRE,Statistician,
Stock Clerk,RCE,Stock Clerk,
Stock Control Clerk,CRI,Stock Control Clerk,
Stock Transfer Clerk,CER,Stock Transfer Clerk,
Stockbroker,EAS,Stockbroker,
Stone Carver,ARE,Stone Carver,
Stonemason,RCE,Stonemason,
Stress Analyst,IRC,Stress Analyst,
Structural Metal Fabricator and Fitter,RIS,Structural Metal Fabricator and Fitter,
Substance Abuse Counselor,SEA,Substance Abuse Counselor,
"Substation Operator, Utilities",RIS,Substation Operator,
Superintendent of Schools,SEI,Superintendent of Schools,
Surgeon,IRA,Surgeon,
Surgical Assistant,IRS,Surgical Assistant,
Surveillance System Monitor,CSR,Surveillance System Monitor,
Survey Researcher,ICE,Survey Researcher,
Survey Worker Supervisor,SEC,Survey Worker Supervisor,
"Surveyor, Geodetic",IRE,Surveyor,
"Surveyor, Hydrographic",IER,Surveyor,
"Surveyor, Land",IER,Surveyor,
"Surveyor, Ship",REC,Surveyor,
Sustainability Specialist,ICE,Sustainability Specialist,
Switchboard Operator/Answering Service Operator,CSE,Switchboard Operator/Answering Service Operator,
systems Analyst,IER,Systems Analyst,
Tailor,RIE,Tailor,
Talent Manager,ESC,Talent Manager,
Taper/Finisher,RCS,Taper/Finisher,
Tax Preparer,CES,Penyedia Pajak,
Taxicab Coordinator,SCE,Taxicab Coordinator,
Teacher Aide,SCE,Teacher Aide,
"Teacher, Adult Education",SER,Teacher,
"Teacher, Art",ASE,"Guru, Seni",
"Teacher, Drama",ASE,"Guru, Drama",
"Teacher, Elementary School",SAE,"Guru, Sekolah Dasar",
"Teacher, Elementary School, Special Education",SEC,Teacher,
"Teacher, Industrial Arts",REI,Teacher,
"Teacher, Kindergarten",SEC,Teacher,
"Teacher, Middle School, Special Education",SEC,Teacher,
"Teacher, Music",AES,Teacher,
"Teacher, Preschool",SAE,Teacher,
"Teacher, Preschool, Special Education",SEC,Teacher,
"Teacher, Secondary School",SAE,Teacher,
"Teacher, Secondary School, Special Education",SEC,"Guru, Sekolah Menengah, Pendidikan Khusus",
Technical Support Specialist,SER,Spesialis Dukungan Teknis,
Technical Writer,IRS,Technical Writer,
"Technician, Dialysis",ISC,Technician,
"Technician, Surgical",ISR,Technician,
Telecommunications Engineering Specialist,REI,Telecommunications Engineering Specialist,
Telecommunications Equipment Installer and Repairer,REI,Telecommunications Equipment Installer and Repairer,
Telecommunications Line Installer and Repairer,REI,Telecommunications Line Installer and Repairer,
Telecommunications Specialist,ECS,Telecommunications Specialist,
Telecommunications Technician,RIS,Telecommunications Technician,
Telecommunicator Supervisor,ECS,Telecommunicator Supervisor,
Telemarketer,ESC,Telemarketer,
Television Production Clerk,CRS,Television Production Clerk,
Television Technician,RIA,Television Technician,
Terrazo Worker and Finisher,REC,Pekerja dan Finisher Terrazzo,
Test Technician,IRE,Test Technician,
Ticket Sales Agent,CSE,Ticket Sales Agent,
Ticket Sales Supervisor,ESR,Ticket Sales Supervisor,
Tire Repairer and Changer,RCE,Tire Repairer and Changer,
Tissue Technologist,IRE,Tissue Technologist,
Title Examiner,CSE,Title Examiner,
Tool and Die Maker,RCI,Tool and Die Maker,
Tools Designer,RIS,Tools Designer,
"Tools Programmer, Numerical Control",IRE,"Alat Programmer, Kontrol Numerik",
Town Clerk,ECI,Town Clerk,
Toxicologist,IRC,Toxicologist,
"Toxicologist, Chief",IRE,Toxicologist,
Tractor Operator,RCE,Tractor Operator,
Traffic Checker,ERC,Traffic Checker,
Traffer Clerk,CRS,Petugas Traffer,
Traffic Maintenance Supervisor,ERI,Traffic Maintenance Supervisor,
Traffic Manager,ESR,Traffic Manager,
Traffic Technician,REI,Traffic Technician,
Train Dispatcher,ECS,Train Dispatcher,
Training and Development Specialist,SIE,Training and Development Specialist,
Transportation Director,ESR,Transportation Director,
Transportation Inspector,CRS,Transportation Inspector,
Transportation Manager,ERA,Transportation Manager,
Transportation Planner,ICR,Transportation Planner,
Transportation Security Officer,REC,Transportation Security Officer,
Travel Agent,ECS,Travel Agent,
Tree Surgeon,REI,Tree Surgeon,
Tree Trimmer/Pruner,RCE,Tree Trimmer/Pruner,
Tutor,SEC,Tutor,
Typist/Transcriptionist,CRS,Typist/Transcriptionist,
Ultrasound Technologist,RSI,Ultrasound Technologist,
Umpire/Referee,ESR,Umpire/Referee,
Underwriter,CSE,Underwriter,
Upholsterer,RCS,Upholsterer,
"Upholsterer, Chair and Furiture",RSC,"Pelapis, Kursi dan Mebel",
Urban Planner,ESI,Urban Planner,
Urologist,ISR,Urologist,
"Usher, Lobby Attendant, and Ticket Taker",SCR,"Ushers, Lobby Attendants, dan Ticket Taker",
Utilities Service Investigator,EIR,Utilities Service Investigator,
Utility Clerk,CER,Utility Clerk,
Vendor Quality Supervisor,EIA,Vendor Quality Supervisor,
Veteranian,IRS,Dokter hewan,
Veterinary Assistant,RSI,Veterinary Assistant,
Veterinary Livestock Inspector,IRE,Veterinary Livestock Inspector,
Veterinary Technologist and Technician,IRS,Veterinary Technologist and Technician,
Video Game Designer,AIE,Video Game Designer,
Video Game Programmer,IRE,Video Game Programmer,
Vision Rehabilitation Therapist,SER,Vision Rehabilitation Therapist,
Vocational Rehabilitation Consultant,ESR,Vocational Rehabilitation Consultant,
Vocational Rehabilitation Counselor,SEC,Vocational Rehabilitation Counselor,
Voice Pathologist,IER,Voice Pathologist,
Volunteer Services Supervisor,ESR,Volunteer Services Supervisor,
Waiter/Waitress,ESC,Waiter/Waitress,
"Waiter/Waitress, Head",ESR,Waiter/Waitress,
Warehouse Supervisor,ESR,Warehouse Supervisor,
Watch Repairer,REI,Watch Repairer,
Water Quality Tester,REI,Water Quality Tester,
Water Resources Specialist,IRC,Water Resources Specialist,
Water Treatment Plant Operator,RCE,Water Treatment Plant Operator,
Water Treatment Plant Supervisor,EIR,Water Treatment Plant Supervisor,
Water/Sewer Systems Superintendent,IER,Water/Sewer Systems Superintendent,
Weather Observer,RIE,Weather Observer,
Weatherization Installer/Technician,RIC,Pemasang / Teknisi Cuaca,
"Weaver, Carpet and Rug",RCE,Weaver,
Web Administrator,IER,Web Administrator,
Web Developer/Designer,ACI,Web Developer/Designer,
Wedding Consultant,SEC,Wedding Consultant,
Welder,RIS,Welder,
Welding Machine Operator,RIE,Welding Machine Operator,
Welfare Director,SEC,Welfare Director,
Wholesaler,ESA,Wholesaler,
Wildlife Control Agent,RSE,Wildlife Control Agent,
Wind Energy Project Manager,IRC,Wind Energy Project Manager,
Wind Turbine Service Technician,RIC,Wind Turbine Service Technician,
Wine Maker,EIR,Wine Maker,
Woodworking Machine Operator,RIC,Woodworking Machine Operator,
"Writer, Fiction and Nonfiction",AIE,"Penulis, Fiksi, dan Nonfiksi",
"Yard Manager, Railroad Transportation",ESC,Yard Manager,
Zoo Veterinarian,ISE,Zoo Veterinarian,
Zoologist,IRE,Zoologist,
